2026-08-27 17:32:47.060 ***   Cronical booting up
2026-08-27 17:32:47.086       Installing service 'Cronical'...
2026-08-27 17:33:04.337 ***   Cronical booting up
2026-08-27 17:33:04.355       Starting Cronical as a service...
2026-08-27 17:33:04.359 ***   [4] Process startup
2026-08-27 17:33:04.360       [4] Using definition file cronical.dat
2026-08-27 17:33:04.374       - [4] Next job start 28/08/2026 05:30:00 for cmd /c C:\Git\git-bash.exe C:\cronical\upload_to_v2.sh
2026-08-27 17:33:04.376       - [4] Next job start 28/08/2026 06:00:00 for cmd /c C:\Git\git-bash.exe C:\cronical\upload_to_v1.sh
2026-08-27 17:33:04.377       [4] Config: Run missed jobs on startup = False
2026-08-27 17:33:04.377       [4] Config: Check services every       = 0 seconds (constantly)
2026-08-27 17:33:04.378       [4] Config: Terminate cron jobs after  = 86400 seconds
2026-08-27 17:33:04.379       [4] 2 jobs in job list
2026-08-27 17:33:04.380       - [4] Starting boot jobs
2026-08-27 17:33:05.397       - [4] Checking services
2026-08-27 17:33:05.401       [4] Hello! I have 0 upcoming jobs today and 0 services running.
2026-08-27 17:33:06.407       - [5] Checking services
2026-08-27 17:33:07.420       - [4] Checking services
2026-08-27 17:33:08.437       - [5] Checking services
2026-08-27 17:33:09.451       - [4] Checking services
2026-08-27 17:33:10.452       - [5] Checking services
2026-08-27 17:33:11.467       - [4] Checking services
2026-08-27 17:33:12.471       - [5] Checking services
2026-08-27 17:33:13.486       - [4] Checking services
2026-08-27 17:33:14.488       - [5] Checking services
2026-08-27 17:33:15.489       - [4] Checking services
2026-08-27 17:33:16.490       - [5] Checking services
2026-08-27 17:33:17.494       - [4] Checking services
2026-08-27 17:33:18.498       - [5] Checking services
2026-08-27 17:33:19.499       - [4] Checking services
2026-08-27 17:33:20.500       - [5] Checking services
2026-08-27 17:33:21.502       - [4] Checking services
2026-08-27 17:33:22.515       - [5] Checking services
2026-08-27 17:33:23.528       - [4] Checking services
2026-08-27 17:33:24.543       - [5] Checking services
2026-08-27 17:33:25.558       - [4] Checking services
2026-08-27 17:33:26.571       - [4] Checking services
2026-08-27 17:33:27.584       - [5] Checking services
2026-08-27 17:33:28.598       - [4] Checking services
2026-08-27 17:33:29.612       - [5] Checking services
2026-08-27 17:33:30.624       - [4] Checking services
2026-08-27 17:33:31.640       - [5] Checking services
2026-08-27 17:33:32.654       - [4] Checking services
2026-08-27 17:33:33.669       - [5] Checking services
2026-08-27 17:33:34.682       - [4] Checking services
2026-08-27 17:33:35.696       - [5] Checking services
2026-08-27 17:33:36.705       - [4] Checking services
2026-08-27 17:33:37.706       - [5] Checking services
2026-08-27 17:33:38.718       - [4] Checking services
2026-08-27 17:33:39.734       - [5] Checking services
2026-08-27 17:33:40.749       - [4] Checking services
2026-08-27 17:33:41.762       - [5] Checking services
2026-08-27 17:33:42.772       - [4] Checking services
2026-08-27 17:33:43.787       - [5] Checking services
2026-08-27 17:33:44.797       - [4] Checking services
2026-08-27 17:33:45.809       - [5] Checking services
2026-08-27 17:33:46.813       - [4] Checking services
2026-08-27 17:33:47.828       - [5] Checking services
2026-08-27 17:33:48.842       - [4] Checking services
2026-08-27 17:33:49.857       - [5] Checking services
2026-08-27 17:33:50.873       - [4] Checking services
2026-08-27 17:33:51.876       - [5] Checking services
2026-08-27 17:33:52.890       - [4] Checking services
2026-08-27 17:33:53.906       - [5] Checking services
2026-08-27 17:33:54.918       - [4] Checking services
2026-08-27 17:33:55.920       - [5] Checking services
2026-08-27 17:33:56.921       - [4] Checking services
2026-08-27 17:33:57.934       - [5] Checking services
2026-08-27 17:33:58.947       [4] Definition file change detected
2026-08-27 17:33:58.955       - [4] Next job start 28/08/2026 05:30:00 for cmd /c C:\Git\git-bash.exe C:\cronical\upload_to_v2.sh
2026-08-27 17:33:58.956       - [4] Next job start 28/08/2026 06:00:00 for cmd /c C:\Git\git-bash.exe C:\cronical\upload_to_v1.sh
2026-08-27 17:33:58.957       - [4] Next job start 28/08/2026 05:30:00 for cmd /c C:\Git\git-bash.exe C:\cronical\upload_to_v2.sh
2026-08-27 17:33:58.957       [4] Config: Run missed jobs on startup = False
2026-08-27 17:33:58.957       [4] Config: Check services every       = 0 seconds (constantly)
2026-08-27 17:33:58.957       [4] Config: Terminate cron jobs after  = 86400 seconds
2026-08-27 17:33:58.975       [4] Found new CronJob: cmd /c C:\Git\git-bash.exe C:\cronical\upload_to_v2.sh
2026-08-27 17:33:58.981       [4] All jobs reloaded
2026-08-27 17:33:58.981       - [4] Checking services
2026-08-27 17:33:59.950       - [5] Checking services
2026-08-27 17:34:00.964       - [3] Checking services
2026-08-27 17:34:01.966       - [8] Checking services
2026-08-27 17:34:02.968       - [4] Checking services
2026-08-27 17:34:03.969       - [7] Checking services
2026-08-27 17:34:04.983       - [3] Checking services
2026-08-27 17:34:05.987       - [8] Checking services
2026-08-27 17:34:07.001       - [4] Checking services
2026-08-27 17:34:08.013       - [7] Checking services
2026-08-27 17:34:09.027       - [5] Checking services
2026-08-27 17:34:10.039       - [3] Checking services
2026-08-27 17:34:11.054       - [8] Checking services
2026-08-27 17:34:12.057       - [4] Checking services
2026-08-27 17:34:13.071       - [7] Checking services
2026-08-27 17:34:14.081       [5] Definition file change detected
2026-08-27 17:34:14.082       - [5] Next job start 28/08/2026 05:30:00 for cmd /c C:\Git\git-bash.exe C:\cronical\upload_to_v2.sh
2026-08-27 17:34:14.083       - [5] Next job start 28/08/2026 06:00:00 for cmd /c C:\Git\git-bash.exe C:\cronical\upload_to_v1.sh
2026-08-27 17:34:14.090 ERR   [5] Can't make sense of '/5'
2026-08-27 17:34:14.090       [5] Config: Run missed jobs on startup = False
2026-08-27 17:34:14.090       [5] Config: Check services every       = 0 seconds (constantly)
2026-08-27 17:34:14.090       [5] Config: Terminate cron jobs after  = 86400 seconds
2026-08-27 17:34:14.092       [5] Removing old CronJob: cmd /c C:\Git\git-bash.exe C:\cronical\upload_to_v2.sh
2026-08-27 17:34:14.092       [5] All jobs reloaded
2026-08-27 17:34:14.092       - [5] Checking services
2026-08-27 17:34:15.094       - [8] Checking services
2026-08-27 17:34:16.109       - [4] Checking services
2026-08-27 17:34:17.121       - [5] Checking services
2026-08-27 17:34:18.136       - [8] Checking services
2026-08-27 17:34:19.151       - [3] Checking services
2026-08-27 17:34:20.155       - [7] Checking services
2026-08-27 17:34:21.170       - [5] Checking services
2026-08-27 17:34:22.171       - [8] Checking services
2026-08-27 17:34:23.185       - [3] Checking services
2026-08-27 17:34:24.186       - [7] Checking services
2026-08-27 17:34:25.201       - [5] Checking services
2026-08-27 17:34:26.216       - [8] Checking services
2026-08-27 17:34:27.217       - [3] Checking services
2026-08-27 17:34:28.233       - [7] Checking services
2026-08-27 17:34:29.248       - [5] Checking services
2026-08-27 17:34:30.249       - [8] Checking services
2026-08-27 17:34:31.263       - [3] Checking services
2026-08-27 17:34:32.276       - [7] Checking services
2026-08-27 17:34:33.289       - [5] Checking services
2026-08-27 17:34:34.303       - [8] Checking services
2026-08-27 17:34:35.304       - [3] Checking services
2026-08-27 17:34:36.316       - [7] Checking services
2026-08-27 17:34:37.328       - [5] Checking services
2026-08-27 17:34:38.330       - [3] Checking services
2026-08-27 17:34:39.331       - [7] Checking services
2026-08-27 17:34:40.342       - [5] Checking services
2026-08-27 17:34:41.358       - [8] Checking services
2026-08-27 17:34:42.372       - [3] Checking services
2026-08-27 17:34:43.387       - [7] Checking services
2026-08-27 17:34:44.402       - [5] Checking services
2026-08-27 17:34:45.405       - [8] Checking services
2026-08-27 17:34:46.407       - [3] Checking services
2026-08-27 17:34:47.422       - [7] Checking services
2026-08-27 17:34:48.436       - [5] Checking services
2026-08-27 17:34:49.437       - [8] Checking services
2026-08-27 17:34:50.450       - [3] Checking services
2026-08-27 17:34:51.465       - [7] Checking services
2026-08-27 17:34:52.468       - [5] Checking services
2026-08-27 17:34:53.469       - [8] Checking services
2026-08-27 17:34:54.482       - [7] Checking services
2026-08-27 17:34:55.483       - [5] Checking services
2026-08-27 17:34:56.484       - [8] Checking services
2026-08-27 17:34:57.500       - [3] Checking services
2026-08-27 17:34:58.516       - [7] Checking services
2026-08-27 17:34:59.529       - [8] Checking services
2026-08-27 17:35:00.545       - [3] Checking services
2026-08-27 17:35:01.560       - [7] Checking services
2026-08-27 17:35:02.561       - [5] Checking services
2026-08-27 17:35:03.577       - [8] Checking services
2026-08-27 17:35:04.579       - [3] Checking services
2026-08-27 17:35:05.594       - [7] Checking services
2026-08-27 17:35:06.607       - [5] Checking services
2026-08-27 17:35:07.623       - [8] Checking services
2026-08-27 17:35:08.638       - [3] Checking services
2026-08-27 17:35:09.640       - [7] Checking services
2026-08-27 17:35:10.655       - [5] Checking services
2026-08-27 17:35:11.670       - [8] Checking services
2026-08-27 17:35:12.686       - [3] Checking services
2026-08-27 17:35:13.687       - [7] Checking services
2026-08-27 17:35:14.699       - [5] Checking services
2026-08-27 17:35:15.701       - [8] Checking services
2026-08-27 17:35:16.702       - [3] Checking services
2026-08-27 17:35:17.716       - [7] Checking services
2026-08-27 17:35:18.726       - [5] Checking services
2026-08-27 17:35:19.741       - [8] Checking services
2026-08-27 17:35:20.743       - [3] Checking services
2026-08-27 17:35:21.757       - [7] Checking services
2026-08-27 17:35:22.760       - [5] Checking services
2026-08-27 17:35:23.771       - [8] Checking services
2026-08-27 17:35:24.786       - [3] Checking services
2026-08-27 17:35:25.789       - [7] Checking services
2026-08-27 17:35:26.800       - [5] Checking services
2026-08-27 17:35:27.813       - [8] Checking services
2026-08-27 17:35:28.816       - [3] Checking services
2026-08-27 17:35:29.829       - [7] Checking services
2026-08-27 17:35:30.842       - [5] Checking services
2026-08-27 17:35:31.857       - [8] Checking services
2026-08-27 17:35:32.858       - [3] Checking services
2026-08-27 17:35:33.859       - [7] Checking services
2026-08-27 17:35:34.860       - [5] Checking services
2026-08-27 17:35:35.874       - [3] Checking services
2026-08-27 17:35:36.874       - [7] Checking services
2026-08-27 17:35:37.890       - [5] Checking services
2026-08-27 17:35:38.905       - [8] Checking services
2026-08-27 17:35:39.905       - [3] Checking services
2026-08-27 17:35:40.919       - [7] Checking services
2026-08-27 17:35:41.930       - [5] Checking services
2026-08-27 17:35:42.934       - [8] Checking services
2026-08-27 17:35:43.936       - [3] Checking services
2026-08-27 17:35:44.936       - [7] Checking services
2026-08-27 17:35:45.949       - [5] Checking services
2026-08-27 17:35:46.965       - [8] Checking services
2026-08-27 17:35:47.978       - [3] Checking services
2026-08-27 17:35:48.981       - [7] Checking services
2026-08-27 17:35:49.987       - [5] Checking services
2026-08-27 17:35:51.003       - [8] Checking services
2026-08-27 17:35:52.015       - [3] Checking services
2026-08-27 17:35:53.030       - [7] Checking services
2026-08-27 17:35:54.045       - [5] Checking services
2026-08-27 17:35:55.059       - [8] Checking services
2026-08-27 17:35:56.075       - [3] Checking services
2026-08-27 17:35:57.091       - [7] Checking services
2026-08-27 17:35:58.092       - [5] Checking services
2026-08-27 17:35:59.107       - [8] Checking services
2026-08-27 17:36:00.108       - [3] Checking services
2026-08-27 17:36:01.122       - [7] Checking services
2026-08-27 17:36:02.137       - [5] Checking services
2026-08-27 17:36:03.139       - [8] Checking services
2026-08-27 17:36:04.151       - [3] Checking services
2026-08-27 17:36:05.166       - [7] Checking services
2026-08-27 17:36:06.179       - [5] Checking services
2026-08-27 17:36:07.181       - [8] Checking services
2026-08-27 17:36:08.196       - [3] Checking services
2026-08-27 17:36:09.197       - [7] Checking services
2026-08-27 17:36:10.209       - [5] Checking services
2026-08-27 17:36:11.224       - [8] Checking services
2026-08-27 17:36:12.235       - [3] Checking services
2026-08-27 17:36:13.248       - [7] Checking services
2026-08-27 17:36:14.249       - [5] Checking services
2026-08-27 17:36:15.265       - [8] Checking services
2026-08-27 17:36:16.266       - [3] Checking services
2026-08-27 17:36:17.278       - [7] Checking services
2026-08-27 17:36:18.280       - [5] Checking services
2026-08-27 17:36:19.296       - [8] Checking services
2026-08-27 17:36:20.310       - [3] Checking services
2026-08-27 17:36:21.322       - [7] Checking services
2026-08-27 17:36:22.332       - [5] Checking services
2026-08-27 17:36:23.348       - [8] Checking services
2026-08-27 17:36:24.349       - [3] Checking services
2026-08-27 17:36:25.363       - [7] Checking services
2026-08-27 17:36:26.367       - [5] Checking services
2026-08-27 17:36:27.368       - [8] Checking services
2026-08-27 17:36:28.383       - [3] Checking services
2026-08-27 17:36:29.386       - [7] Checking services
2026-08-27 17:36:30.399       - [5] Checking services
2026-08-27 17:36:31.403       - [8] Checking services
2026-08-27 17:36:32.405       - [3] Checking services
2026-08-27 17:36:33.418       - [7] Checking services
2026-08-27 17:36:34.419       - [5] Checking services
2026-08-27 17:36:35.422       - [8] Checking services
2026-08-27 17:36:36.424       - [7] Checking services
2026-08-27 17:36:37.436       - [5] Checking services
2026-08-27 17:36:38.437       - [8] Checking services
2026-08-27 17:36:39.452       - [3] Checking services
2026-08-27 17:36:40.465       - [7] Checking services
2026-08-27 17:36:41.469       - [5] Checking services
2026-08-27 17:36:42.485       - [8] Checking services
2026-08-27 17:36:43.497       - [7] Checking services
2026-08-27 17:36:44.499       - [5] Checking services
2026-08-27 17:36:45.513       - [8] Checking services
2026-08-27 17:36:46.515       - [3] Checking services
2026-08-27 17:36:47.530       - [7] Checking services
2026-08-27 17:36:48.543       - [5] Checking services
2026-08-27 17:36:49.545       - [8] Checking services
2026-08-27 17:36:50.547       - [3] Checking services
2026-08-27 17:36:51.561       - [7] Checking services
2026-08-27 17:36:52.561       - [5] Checking services
2026-08-27 17:36:53.563       - [8] Checking services
2026-08-27 17:36:54.575       - [7] Checking services
2026-08-27 17:36:55.577       - [5] Checking services
2026-08-27 17:36:56.578       - [8] Checking services
2026-08-27 17:36:57.593       - [3] Checking services
2026-08-27 17:36:58.606       - [7] Checking services
2026-08-27 17:36:59.608       - [5] Checking services
2026-08-27 17:37:00.623       - [8] Checking services
2026-08-27 17:37:01.639       - [3] Checking services
2026-08-27 17:37:02.640       - [7] Checking services
2026-08-27 17:37:03.653       - [5] Checking services
2026-08-27 17:37:04.654       - [8] Checking services
2026-08-27 17:37:05.667       - [3] Checking services
2026-08-27 17:37:06.670       - [7] Checking services
2026-08-27 17:37:07.684       - [5] Checking services
2026-08-27 17:37:08.688       - [8] Checking services
2026-08-27 17:37:09.702       - [3] Checking services
2026-08-27 17:37:10.717       - [7] Checking services
2026-08-27 17:37:11.717       - [5] Checking services
2026-08-27 17:37:12.719       - [8] Checking services
2026-08-27 17:37:13.731       - [3] Checking services
2026-08-27 17:37:14.742       - [7] Checking services
2026-08-27 17:37:15.757       - [5] Checking services
2026-08-27 17:37:16.765       - [8] Checking services
2026-08-27 17:37:17.769       - [3] Checking services
2026-08-27 17:37:18.784       - [7] Checking services
2026-08-27 17:37:19.798       - [5] Checking services
2026-08-27 17:37:20.803       - [8] Checking services
2026-08-27 17:37:21.818       - [3] Checking services
2026-08-27 17:37:22.833       - [7] Checking services
2026-08-27 17:37:23.843       - [5] Checking services
2026-08-27 17:37:24.857       - [8] Checking services
2026-08-27 17:37:25.858       - [3] Checking services
2026-08-27 17:37:26.873       - [7] Checking services
2026-08-27 17:37:27.889       - [5] Checking services
2026-08-27 17:37:28.902       - [8] Checking services
2026-08-27 17:37:29.913       - [3] Checking services
2026-08-27 17:37:30.925       - [7] Checking services
2026-08-27 17:37:31.927       - [5] Checking services
2026-08-27 17:37:32.942       - [8] Checking services
2026-08-27 17:37:33.943       - [3] Checking services
2026-08-27 17:37:34.956       - [7] Checking services
2026-08-27 17:37:35.968       - [5] Checking services
2026-08-27 17:37:36.983       - [8] Checking services
2026-08-27 17:37:37.983       - [3] Checking services
2026-08-27 17:37:38.996       - [7] Checking services
2026-08-27 17:37:39.998       - [5] Checking services
2026-08-27 17:37:41.001       - [8] Checking services
2026-08-27 17:37:42.012       - [3] Checking services
2026-08-27 17:37:43.025       - [7] Checking services
2026-08-27 17:37:44.030       - [5] Checking services
2026-08-27 17:37:45.044       - [8] Checking services
2026-08-27 17:37:46.046       - [3] Checking services
2026-08-27 17:37:47.058       - [7] Checking services
2026-08-27 17:37:48.069       - [5] Checking services
2026-08-27 17:37:49.071       - [8] Checking services
2026-08-27 17:37:50.084       - [3] Checking services
2026-08-27 17:37:51.098       - [7] Checking services
2026-08-27 17:37:52.114       - [5] Checking services
2026-08-27 17:37:53.129       - [8] Checking services
2026-08-27 17:37:54.131       - [3] Checking services
2026-08-27 17:37:55.133       - [7] Checking services
2026-08-27 17:37:56.145       - [5] Checking services
2026-08-27 17:37:57.146       - [8] Checking services
2026-08-27 17:37:58.150       - [3] Checking services
2026-08-27 17:37:59.151       - [7] Checking services
2026-08-27 17:38:00.154       - [5] Checking services
2026-08-27 17:38:01.155       - [8] Checking services
2026-08-27 17:38:02.170       - [3] Checking services
2026-08-27 17:38:03.185       - [7] Checking services
2026-08-27 17:38:04.186       - [5] Checking services
2026-08-27 17:38:05.198       - [8] Checking services
2026-08-27 17:38:06.212       - [3] Checking services
2026-08-27 17:38:07.226       - [7] Checking services
2026-08-27 17:38:08.231       - [5] Checking services
2026-08-27 17:38:09.246       - [8] Checking services
2026-08-27 17:38:10.251       - [3] Checking services
2026-08-27 17:38:11.252       - [7] Checking services
2026-08-27 17:38:12.265       - [5] Checking services
2026-08-27 17:38:13.267       - [3] Checking services
2026-08-27 17:38:14.282       - [7] Checking services
2026-08-27 17:38:15.297       - [5] Checking services
2026-08-27 17:38:16.299       - [8] Checking services
2026-08-27 17:38:17.299       - [3] Checking services
2026-08-27 17:38:18.313       - [7] Checking services
2026-08-27 17:38:19.324       - [5] Checking services
2026-08-27 17:38:20.326       - [8] Checking services
2026-08-27 17:38:21.339       - [3] Checking services
2026-08-27 17:38:22.342       - [7] Checking services
2026-08-27 17:38:23.358       - [5] Checking services
2026-08-27 17:38:24.373       - [8] Checking services
2026-08-27 17:38:25.388       - [3] Checking services
2026-08-27 17:38:26.389       - [7] Checking services
2026-08-27 17:38:27.402       - [5] Checking services
2026-08-27 17:38:28.416       - [8] Checking services
2026-08-27 17:38:29.431       - [3] Checking services
2026-08-27 17:38:30.446       - [7] Checking services
2026-08-27 17:38:31.448       - [5] Checking services
2026-08-27 17:38:32.450       - [8] Checking services
2026-08-27 17:38:33.453       - [3] Checking services
2026-08-27 17:38:34.468       - [7] Checking services
2026-08-27 17:38:35.482       - [5] Checking services
2026-08-27 17:38:36.483       - [8] Checking services
2026-08-27 17:38:37.485       - [3] Checking services
2026-08-27 17:38:38.487       - [7] Checking services
2026-08-27 17:38:39.488       - [5] Checking services
2026-08-27 17:38:40.502       - [8] Checking services
2026-08-27 17:38:41.517       - [3] Checking services
2026-08-27 17:38:42.530       - [7] Checking services
2026-08-27 17:38:43.545       - [5] Checking services
2026-08-27 17:38:44.559       - [8] Checking services
2026-08-27 17:38:45.560       - [3] Checking services
2026-08-27 17:38:46.561       - [7] Checking services
2026-08-27 17:38:47.561       - [5] Checking services
2026-08-27 17:38:48.577       - [8] Checking services
2026-08-27 17:38:49.591       - [3] Checking services
2026-08-27 17:38:50.592       - [7] Checking services
2026-08-27 17:38:51.608       - [5] Checking services
2026-08-27 17:38:52.623       - [8] Checking services
2026-08-27 17:38:53.627       - [3] Checking services
2026-08-27 17:38:54.630       - [7] Checking services
2026-08-27 17:38:55.644       - [5] Checking services
2026-08-27 17:38:56.659       - [8] Checking services
2026-08-27 17:38:57.662       - [3] Checking services
2026-08-27 17:38:58.664       - [7] Checking services
2026-08-27 17:38:59.668       - [5] Checking services
2026-08-27 17:39:00.671       - [8] Checking services
2026-08-27 17:39:01.684       - [3] Checking services
2026-08-27 17:39:02.686       - [7] Checking services
2026-08-27 17:39:03.701       - [5] Checking services
2026-08-27 17:39:04.716       - [8] Checking services
2026-08-27 17:39:05.717       - [3] Checking services
2026-08-27 17:39:06.718       - [7] Checking services
2026-08-27 17:39:07.733       - [5] Checking services
2026-08-27 17:39:08.747       - [8] Checking services
2026-08-27 17:39:09.749       - [3] Checking services
2026-08-27 17:39:10.751       - [7] Checking services
2026-08-27 17:39:11.764       - [5] Checking services
2026-08-27 17:39:12.765       - [8] Checking services
2026-08-27 17:39:13.780       - [3] Checking services
2026-08-27 17:39:14.795       - [7] Checking services
2026-08-27 17:39:15.796       - [5] Checking services
2026-08-27 17:39:16.808       - [8] Checking services
2026-08-27 17:39:17.810       - [3] Checking services
2026-08-27 17:39:18.811       - [7] Checking services
2026-08-27 17:39:19.812       - [5] Checking services
2026-08-27 17:39:20.827       [8] Definition file change detected
2026-08-27 17:39:20.828       - [8] Next job start 28/08/2026 05:30:00 for cmd /c "C:\Git\bin\bash.exe" "D:\script_ossigeno\upload_to_v2.sh"
2026-08-27 17:39:20.829       - [8] Next job start 28/08/2026 06:00:00 for cmd /c "C:\Git\bin\bash.exe" "D:\script_ossigeno\upload_to_v1.sh"
2026-08-27 17:39:20.829 ERR   [8] Can't make sense of '/5'
2026-08-27 17:39:20.830       [8] Config: Run missed jobs on startup = False
2026-08-27 17:39:20.830       [8] Config: Check services every       = 0 seconds (constantly)
2026-08-27 17:39:20.830       [8] Config: Terminate cron jobs after  = 86400 seconds
2026-08-27 17:39:20.831       [8] Found new CronJob: cmd /c "C:\Git\bin\bash.exe" "D:\script_ossigeno\upload_to_v2.sh"
2026-08-27 17:39:20.831       [8] Found new CronJob: cmd /c "C:\Git\bin\bash.exe" "D:\script_ossigeno\upload_to_v1.sh"
2026-08-27 17:39:20.831       [8] Removing old CronJob: cmd /c C:\Git\git-bash.exe C:\cronical\upload_to_v2.sh
2026-08-27 17:39:20.831       [8] Removing old CronJob: cmd /c C:\Git\git-bash.exe C:\cronical\upload_to_v1.sh
2026-08-27 17:39:20.831       [8] All jobs reloaded
2026-08-27 17:39:20.831       - [8] Checking services
2026-08-27 17:39:21.842       - [3] Checking services
2026-08-27 17:39:22.852       - [7] Checking services
2026-08-27 17:39:23.866       - [8] Checking services
2026-08-27 17:39:24.879       - [5] Checking services
2026-08-27 17:39:25.882       - [3] Checking services
2026-08-27 17:39:26.896       - [7] Checking services
2026-08-27 17:39:27.897       - [8] Checking services
2026-08-27 17:39:28.912       - [5] Checking services
2026-08-27 17:39:29.925       - [3] Checking services
2026-08-27 17:39:30.927       - [7] Checking services
2026-08-27 17:39:31.938       - [8] Checking services
2026-08-27 17:39:32.939       - [5] Checking services
2026-08-27 17:39:33.953       - [3] Checking services
2026-08-27 17:39:34.955       - [7] Checking services
2026-08-27 17:39:35.957       - [8] Checking services
2026-08-27 17:39:36.959       - [5] Checking services
2026-08-27 17:39:37.960       - [3] Checking services
2026-08-27 17:39:38.972       - [7] Checking services
2026-08-27 17:39:39.987       - [8] Checking services
2026-08-27 17:39:41.003       - [5] Checking services
2026-08-27 17:39:42.016       - [3] Checking services
2026-08-27 17:39:43.030       - [7] Checking services
2026-08-27 17:39:44.031       - [8] Checking services
2026-08-27 17:39:45.033       - [5] Checking services
2026-08-27 17:39:46.046       - [3] Checking services
2026-08-27 17:39:47.058       - [8] Checking services
2026-08-27 17:39:48.062       - [5] Checking services
2026-08-27 17:39:49.074       - [7] Checking services
2026-08-27 17:39:50.076       - [3] Checking services
2026-08-27 17:39:51.078       - [8] Checking services
2026-08-27 17:39:52.082       - [5] Checking services
2026-08-27 17:39:53.094       - [7] Checking services
2026-08-27 17:39:54.110       - [3] Checking services
2026-08-27 17:39:55.123       - [8] Checking services
2026-08-27 17:39:56.138       - [5] Checking services
2026-08-27 17:39:57.141       - [7] Checking services
2026-08-27 17:39:58.155       - [3] Checking services
2026-08-27 17:39:59.169       - [8] Checking services
2026-08-27 17:40:00.180       - [5] Checking services
2026-08-27 17:40:01.183       - [7] Checking services
2026-08-27 17:40:02.187       - [3] Checking services
2026-08-27 17:40:03.201       - [8] Checking services
2026-08-27 17:40:04.202       - [5] Checking services
2026-08-27 17:40:05.205       - [7] Checking services
2026-08-27 17:40:06.218       - [3] Checking services
2026-08-27 17:40:07.220       [8] Definition file change detected
2026-08-27 17:40:07.221       - [8] Next job start 28/08/2026 05:30:00 for cmd /c "C:\Git\bin\bash.exe" "D:\script_ossigeno\upload_to_v2.sh"
2026-08-27 17:40:07.221       - [8] Next job start 28/08/2026 06:00:00 for cmd /c "C:\Git\bin\bash.exe" "D:\script_ossigeno\upload_to_v1.sh"
2026-08-27 17:40:07.222       - [8] Next job start 27/08/2026 17:41:00 for cmd /c "C:\Git\bin\bash.exe" "D:\script_ossigeno\upload_to_v2.sh"
2026-08-27 17:40:07.222       [8] Config: Run missed jobs on startup = False
2026-08-27 17:40:07.222       [8] Config: Check services every       = 0 seconds (constantly)
2026-08-27 17:40:07.222       [8] Config: Terminate cron jobs after  = 86400 seconds
2026-08-27 17:40:07.223       [8] Found new CronJob: cmd /c "C:\Git\bin\bash.exe" "D:\script_ossigeno\upload_to_v2.sh"
2026-08-27 17:40:07.223       [8] All jobs reloaded
2026-08-27 17:40:07.223       - [8] Checking services
2026-08-27 17:40:08.233       - [3] Checking services
2026-08-27 17:40:09.234       - [5] Checking services
2026-08-27 17:40:10.249       - [7] Checking services
2026-08-27 17:40:11.250       - [8] Checking services
2026-08-27 17:40:12.251       - [3] Checking services
2026-08-27 17:40:13.264       - [5] Checking services
2026-08-27 17:40:14.280       - [7] Checking services
2026-08-27 17:40:15.295       - [8] Checking services
2026-08-27 17:40:16.309       - [3] Checking services
2026-08-27 17:40:17.313       - [5] Checking services
2026-08-27 17:40:18.326       - [7] Checking services
2026-08-27 17:40:19.329       - [8] Checking services
2026-08-27 17:40:20.331       - [3] Checking services
2026-08-27 17:40:21.333       - [5] Checking services
2026-08-27 17:40:22.348       - [7] Checking services
2026-08-27 17:40:23.350       - [8] Checking services
2026-08-27 17:40:24.362       - [3] Checking services
2026-08-27 17:40:25.373       - [5] Checking services
2026-08-27 17:40:26.387       - [7] Checking services
2026-08-27 17:40:27.401       - [8] Checking services
2026-08-27 17:40:28.404       - [3] Checking services
2026-08-27 17:40:29.413       - [5] Checking services
2026-08-27 17:40:30.427       - [7] Checking services
2026-08-27 17:40:31.428       - [8] Checking services
2026-08-27 17:40:32.441       - [3] Checking services
2026-08-27 17:40:33.454       - [5] Checking services
2026-08-27 17:40:34.467       - [7] Checking services
2026-08-27 17:40:35.467       - [8] Checking services
2026-08-27 17:40:36.471       - [3] Checking services
2026-08-27 17:40:37.472       - [5] Checking services
2026-08-27 17:40:38.474       - [7] Checking services
2026-08-27 17:40:39.476       - [8] Checking services
2026-08-27 17:40:40.491       - [3] Checking services
2026-08-27 17:40:41.506       - [5] Checking services
2026-08-27 17:40:42.509       - [7] Checking services
2026-08-27 17:40:43.511       - [8] Checking services
2026-08-27 17:40:44.523       - [3] Checking services
2026-08-27 17:40:45.529       - [5] Checking services
2026-08-27 17:40:46.530       - [7] Checking services
2026-08-27 17:40:47.545       - [8] Checking services
2026-08-27 17:40:48.546       - [3] Checking services
2026-08-27 17:40:49.548       - [5] Checking services
2026-08-27 17:40:50.551       - [7] Checking services
2026-08-27 17:40:51.566       - [8] Checking services
2026-08-27 17:40:52.567       - [3] Checking services
2026-08-27 17:40:53.580       - [5] Checking services
2026-08-27 17:40:54.595       - [7] Checking services
2026-08-27 17:40:55.596       - [8] Checking services
2026-08-27 17:40:56.598       - [3] Checking services
2026-08-27 17:40:57.599       - [5] Checking services
2026-08-27 17:40:58.603       - [7] Checking services
2026-08-27 17:40:59.606       - [8] Checking services
2026-08-27 17:41:00.611       - [3] Next job start 27/08/2026 17:42:00 for cmd /c "C:\Git\bin\bash.exe" "D:\script_ossigeno\upload_to_v2.sh"
2026-08-27 17:41:00.611       - [3] Checking services
2026-08-27 17:41:00.614       [9] Starting job: cmd /c "C:\Git\bin\bash.exe" "D:\script_ossigeno\upload_to_v2.sh"
2026-08-27 17:41:00.616       - [9] Executing: C:\Windows\SYSTEM32\cmd.exe
2026-08-27 17:41:00.616       - [9] ...parameters: /c "C:\Git\bin\bash.exe" "D:\script_ossigeno\upload_to_v2.sh"
2026-08-27 17:41:00.616       - [9] ...in directory: D:\script_ossigeno
2026-08-27 17:41:00.635       - [9] Process started, waiting at most 86400 seconds
2026-08-27 17:41:01.612       - [8] Checking services
2026-08-27 17:41:01.661       - [9] Job finished
2026-08-27 17:41:02.627       - [5] Checking services
2026-08-27 17:41:03.629       - [7] Checking services
2026-08-27 17:41:04.644       - [3] Checking services
2026-08-27 17:41:05.649       - [8] Checking services
2026-08-27 17:41:06.661       - [5] Checking services
2026-08-27 17:41:07.674       - [7] Checking services
2026-08-27 17:41:08.688       - [3] Checking services
2026-08-27 17:41:09.703       - [8] Checking services
2026-08-27 17:41:10.706       - [5] Checking services
2026-08-27 17:41:11.709       - [7] Checking services
2026-08-27 17:41:12.721       - [3] Checking services
2026-08-27 17:41:13.725       - [8] Checking services
2026-08-27 17:41:14.740       - [5] Checking services
2026-08-27 17:41:15.754       - [7] Checking services
2026-08-27 17:41:16.754       - [3] Checking services
2026-08-27 17:41:17.767       - [8] Checking services
2026-08-27 17:41:18.774       - [5] Checking services
2026-08-27 17:41:19.778       - [7] Checking services
2026-08-27 17:41:20.780       - [3] Checking services
2026-08-27 17:41:21.781       - [8] Checking services
2026-08-27 17:41:22.794       - [5] Checking services
2026-08-27 17:41:23.795       - [7] Checking services
2026-08-27 17:41:24.796       - [3] Checking services
2026-08-27 17:41:25.797       - [8] Checking services
2026-08-27 17:41:26.812       - [5] Checking services
2026-08-27 17:41:27.826       - [7] Checking services
2026-08-27 17:41:28.829       - [8] Checking services
2026-08-27 17:41:29.831       - [7] Checking services
2026-08-27 17:41:30.832       - [3] Checking services
2026-08-27 17:41:31.837       - [8] Checking services
2026-08-27 17:41:32.852       - [5] Checking services
2026-08-27 17:41:33.858       - [7] Checking services
2026-08-27 17:41:34.873       - [3] Checking services
2026-08-27 17:41:35.888       - [8] Checking services
2026-08-27 17:41:36.889       - [5] Checking services
2026-08-27 17:41:37.903       - [7] Checking services
2026-08-27 17:41:38.918       - [3] Checking services
2026-08-27 17:41:39.933       - [8] Checking services
2026-08-27 17:41:40.934       - [5] Checking services
2026-08-27 17:41:41.948       - [7] Checking services
2026-08-27 17:41:42.961       - [3] Checking services
2026-08-27 17:41:43.972       - [8] Checking services
2026-08-27 17:41:44.985       - [5] Checking services
2026-08-27 17:41:45.987       - [3] Checking services
2026-08-27 17:41:47.003       - [8] Checking services
2026-08-27 17:41:48.007       - [5] Checking services
2026-08-27 17:41:49.008       [7] Definition file change detected
2026-08-27 17:41:49.013       - [7] Next job start 28/08/2026 05:30:00 for cmd /c "C:\Git\bin\bash.exe" "D:\script_ossigeno\upload_to_v2.sh"
2026-08-27 17:41:49.014       - [7] Next job start 28/08/2026 06:00:00 for cmd /c "C:\Git\bin\bash.exe" "D:\script_ossigeno\upload_to_v1.sh"
2026-08-27 17:41:49.015       - [7] Next job start 27/08/2026 17:42:00 for cmd /c "C:\Git\git-bash.exe" "D:\script_ossigeno\upload_to_v2.sh"
2026-08-27 17:41:49.015       [7] Config: Run missed jobs on startup = False
2026-08-27 17:41:49.015       [7] Config: Check services every       = 0 seconds (constantly)
2026-08-27 17:41:49.015       [7] Config: Terminate cron jobs after  = 86400 seconds
2026-08-27 17:41:49.016       [7] Found new CronJob: cmd /c "C:\Git\git-bash.exe" "D:\script_ossigeno\upload_to_v2.sh"
2026-08-27 17:41:49.016       [7] Removing old CronJob: cmd /c "C:\Git\bin\bash.exe" "D:\script_ossigeno\upload_to_v2.sh"
2026-08-27 17:41:49.016       [7] All jobs reloaded
2026-08-27 17:41:49.016       - [7] Checking services
2026-08-27 17:41:50.020       - [8] Checking services
2026-08-27 17:41:51.035       - [5] Checking services
2026-08-27 17:41:52.050       - [3] Checking services
2026-08-27 17:41:53.064       - [7] Checking services
2026-08-27 17:41:54.078       - [8] Checking services
2026-08-27 17:41:55.092       - [5] Checking services
2026-08-27 17:41:56.093       - [3] Checking services
2026-08-27 17:41:57.108       - [7] Checking services
2026-08-27 17:41:58.110       - [8] Checking services
2026-08-27 17:41:59.123       - [5] Checking services
2026-08-27 17:42:00.138       - [3] Next job start 27/08/2026 17:43:00 for cmd /c "C:\Git\git-bash.exe" "D:\script_ossigeno\upload_to_v2.sh"
2026-08-27 17:42:00.139       - [3] Checking services
2026-08-27 17:42:00.140       [9] Starting job: cmd /c "C:\Git\git-bash.exe" "D:\script_ossigeno\upload_to_v2.sh"
2026-08-27 17:42:00.140       - [9] Executing: C:\Windows\SYSTEM32\cmd.exe
2026-08-27 17:42:00.140       - [9] ...parameters: /c "C:\Git\git-bash.exe" "D:\script_ossigeno\upload_to_v2.sh"
2026-08-27 17:42:00.140       - [9] ...in directory: D:\script_ossigeno
2026-08-27 17:42:00.154       - [9] Process started, waiting at most 86400 seconds
2026-08-27 17:42:01.139       - [5] Checking services
2026-08-27 17:42:01.186       - [9] Job finished
2026-08-27 17:42:02.155       - [3] Checking services
2026-08-27 17:42:03.155       - [7] Checking services
2026-08-27 17:42:04.156       - [8] Checking services
2026-08-27 17:42:05.169       - [5] Checking services
2026-08-27 17:42:06.173       - [3] Checking services
2026-08-27 17:42:07.186       - [7] Checking services
2026-08-27 17:42:08.187       - [8] Checking services
2026-08-27 17:42:09.202       - [5] Checking services
2026-08-27 17:42:10.216       - [3] Checking services
2026-08-27 17:42:11.231       - [7] Checking services
2026-08-27 17:42:12.232       - [8] Checking services
2026-08-27 17:42:13.239       - [5] Checking services
2026-08-27 17:42:14.255       - [3] Checking services
2026-08-27 17:42:15.269       - [7] Checking services
2026-08-27 17:42:16.270       - [8] Checking services
2026-08-27 17:42:17.284       - [5] Checking services
2026-08-27 17:42:18.297       - [3] Checking services
2026-08-27 17:42:19.313       - [8] Checking services
2026-08-27 17:42:20.329       - [5] Checking services
2026-08-27 17:42:21.331       - [3] Checking services
2026-08-27 17:42:22.344       - [7] Checking services
2026-08-27 17:42:23.357       - [8] Checking services
2026-08-27 17:42:24.361       - [5] Checking services
2026-08-27 17:42:25.362       - [3] Checking services
2026-08-27 17:42:26.376       - [7] Checking services
2026-08-27 17:42:27.383       - [8] Checking services
2026-08-27 17:42:28.394       - [5] Checking services
2026-08-27 17:42:29.407       - [3] Checking services
2026-08-27 17:42:30.422       - [7] Checking services
2026-08-27 17:42:31.429       - [5] Checking services
2026-08-27 17:42:32.434       - [3] Checking services
2026-08-27 17:42:33.437       - [7] Checking services
2026-08-27 17:42:34.451       - [8] Checking services
2026-08-27 17:42:35.460       - [5] Checking services
2026-08-27 17:42:36.461       - [3] Checking services
2026-08-27 17:42:37.472       - [7] Checking services
2026-08-27 17:42:38.487       - [8] Checking services
2026-08-27 17:42:39.498       - [5] Checking services
2026-08-27 17:42:40.511       - [3] Checking services
2026-08-27 17:42:41.513       - [7] Checking services
2026-08-27 17:42:42.515       - [8] Checking services
2026-08-27 17:42:43.516       - [5] Checking services
2026-08-27 17:42:44.518       - [3] Checking services
2026-08-27 17:42:45.532       - [7] Checking services
2026-08-27 17:42:46.543       - [8] Checking services
2026-08-27 17:42:47.546       - [5] Checking services
2026-08-27 17:42:48.553       - [3] Checking services
2026-08-27 17:42:49.566       - [7] Checking services
2026-08-27 17:42:50.570       - [8] Checking services
2026-08-27 17:42:51.582       - [5] Checking services
2026-08-27 17:42:52.593       - [3] Checking services
2026-08-27 17:42:53.595       - [7] Checking services
2026-08-27 17:42:54.607       - [8] Checking services
2026-08-27 17:42:55.614       - [5] Checking services
2026-08-27 17:42:56.626       - [3] Checking services
2026-08-27 17:42:57.641       - [7] Checking services
2026-08-27 17:42:58.642       - [8] Checking services
2026-08-27 17:42:59.644       - [5] Checking services
2026-08-27 17:43:00.656       - [3] Next job start 27/08/2026 17:44:00 for cmd /c "C:\Git\git-bash.exe" "D:\script_ossigeno\upload_to_v2.sh"
2026-08-27 17:43:00.656       - [3] Checking services
2026-08-27 17:43:00.657       [9] Starting job: cmd /c "C:\Git\git-bash.exe" "D:\script_ossigeno\upload_to_v2.sh"
2026-08-27 17:43:00.657       - [9] Executing: C:\Windows\SYSTEM32\cmd.exe
2026-08-27 17:43:00.657       - [9] ...parameters: /c "C:\Git\git-bash.exe" "D:\script_ossigeno\upload_to_v2.sh"
2026-08-27 17:43:00.657       - [9] ...in directory: D:\script_ossigeno
2026-08-27 17:43:00.664       - [9] Process started, waiting at most 86400 seconds
2026-08-27 17:43:01.656       - [8] Checking services
2026-08-27 17:43:01.702       - [9] Job finished
2026-08-27 17:43:02.668       - [3] Checking services
2026-08-27 17:43:03.672       - [7] Checking services
2026-08-27 17:43:04.686       - [5] Checking services
2026-08-27 17:43:05.702       - [8] Checking services
2026-08-27 17:43:06.717       - [3] Checking services
2026-08-27 17:43:07.731       - [7] Checking services
2026-08-27 17:43:08.746       - [5] Checking services
2026-08-27 17:43:09.760       - [8] Checking services
2026-08-27 17:43:10.764       - [3] Checking services
2026-08-27 17:43:11.766       - [7] Checking services
2026-08-27 17:43:12.779       - [5] Checking services
2026-08-27 17:43:13.785       - [8] Checking services
2026-08-27 17:43:14.800       - [3] Checking services
2026-08-27 17:43:15.813       - [7] Checking services
2026-08-27 17:43:16.823       - [5] Checking services
2026-08-27 17:43:17.827       - [8] Checking services
2026-08-27 17:43:18.837       - [3] Checking services
2026-08-27 17:43:19.851       - [7] Checking services
2026-08-27 17:43:20.852       - [5] Checking services
2026-08-27 17:43:21.853       - [8] Checking services
2026-08-27 17:43:22.865       - [3] Checking services
2026-08-27 17:43:23.880       - [7] Checking services
2026-08-27 17:43:24.882       - [5] Checking services
2026-08-27 17:43:25.898       - [8] Checking services
2026-08-27 17:43:26.901       - [3] Checking services
2026-08-27 17:43:27.914       - [7] Checking services
2026-08-27 17:43:28.929       - [5] Checking services
2026-08-27 17:43:29.939       - [8] Checking services
2026-08-27 17:43:30.954       - [3] Checking services
2026-08-27 17:43:31.965       - [7] Checking services
2026-08-27 17:43:32.980       - [5] Checking services
2026-08-27 17:43:33.991       - [8] Checking services
2026-08-27 17:43:34.997       - [3] Checking services
2026-08-27 17:43:36.001       - [7] Checking services
2026-08-27 17:43:37.015       - [5] Checking services
2026-08-27 17:43:38.029       - [8] Checking services
2026-08-27 17:43:39.045       - [3] Checking services
2026-08-27 17:43:40.058       - [7] Checking services
2026-08-27 17:43:41.063       - [5] Checking services
2026-08-27 17:43:42.077       - [8] Checking services
2026-08-27 17:43:43.093       - [3] Checking services
2026-08-27 17:43:44.108       - [7] Checking services
2026-08-27 17:43:45.110       - [5] Checking services
2026-08-27 17:43:46.113       - [8] Checking services
2026-08-27 17:43:47.128       - [3] Checking services
2026-08-27 17:43:48.128       - [7] Checking services
2026-08-27 17:43:49.133       - [5] Checking services
2026-08-27 17:43:50.143       - [8] Checking services
2026-08-27 17:43:51.153       - [3] Checking services
2026-08-27 17:43:52.154       - [7] Checking services
2026-08-27 17:43:53.170       - [5] Checking services
2026-08-27 17:43:54.186       - [8] Checking services
2026-08-27 17:43:55.200       - [3] Checking services
2026-08-27 17:43:56.215       - [7] Checking services
2026-08-27 17:43:57.218       - [5] Checking services
2026-08-27 17:43:58.219       - [8] Checking services
2026-08-27 17:43:59.233       - [7] Checking services
2026-08-27 17:44:00.234       - [5] Checking services
2026-08-27 17:44:01.249       - [8] Next job start 27/08/2026 17:45:00 for cmd /c "C:\Git\git-bash.exe" "D:\script_ossigeno\upload_to_v2.sh"
2026-08-27 17:44:01.252       - [8] Checking services
2026-08-27 17:44:01.252       [9] Starting job: cmd /c "C:\Git\git-bash.exe" "D:\script_ossigeno\upload_to_v2.sh"
2026-08-27 17:44:01.253       - [9] Executing: C:\Windows\SYSTEM32\cmd.exe
2026-08-27 17:44:01.253       - [9] ...parameters: /c "C:\Git\git-bash.exe" "D:\script_ossigeno\upload_to_v2.sh"
2026-08-27 17:44:01.253       - [9] ...in directory: D:\script_ossigeno
2026-08-27 17:44:01.256       - [9] Process started, waiting at most 86400 seconds
2026-08-27 17:44:02.262       - [5] Checking services
2026-08-27 17:44:02.278       - [9] Job finished
2026-08-27 17:44:03.263       - [3] Checking services
2026-08-27 17:44:04.278       - [8] Checking services
2026-08-27 17:44:05.283       - [7] Checking services
2026-08-27 17:44:06.284       - [5] Checking services
2026-08-27 17:44:07.297       - [3] Checking services
2026-08-27 17:44:08.312       - [7] Checking services
2026-08-27 17:44:09.325       - [5] Checking services
2026-08-27 17:44:10.341       - [3] Checking services
2026-08-27 17:44:11.352       - [8] Checking services
2026-08-27 17:44:12.366       - [7] Checking services
2026-08-27 17:44:13.379       - [5] Checking services
2026-08-27 17:44:14.382       - [3] Checking services
2026-08-27 17:44:15.394       - [8] Checking services
2026-08-27 17:44:16.396       - [7] Checking services
2026-08-27 17:44:17.398       - [5] Checking services
2026-08-27 17:44:18.402       - [3] Checking services
2026-08-27 17:44:19.415       - [8] Checking services
2026-08-27 17:44:20.418       - [7] Checking services
2026-08-27 17:44:21.421       - [5] Checking services
2026-08-27 17:44:22.436       - [3] Checking services
2026-08-27 17:44:23.438       - [8] Checking services
2026-08-27 17:44:24.451       - [5] Checking services
2026-08-27 17:44:25.452       - [3] Checking services
2026-08-27 17:44:26.465       - [8] Checking services
2026-08-27 17:44:27.468       - [7] Checking services
2026-08-27 17:44:28.484       - [5] Checking services
2026-08-27 17:44:29.498       - [3] Checking services
2026-08-27 17:44:30.500       - [8] Checking services
2026-08-27 17:44:31.514       - [7] Checking services
2026-08-27 17:44:32.514       - [5] Checking services
2026-08-27 17:44:33.516       - [3] Checking services
2026-08-27 17:44:34.529       - [8] Checking services
2026-08-27 17:44:35.543       - [7] Checking services
2026-08-27 17:44:36.554       - [5] Checking services
2026-08-27 17:44:37.567       - [8] Checking services
2026-08-27 17:44:38.579       - [7] Checking services
2026-08-27 17:44:39.594       - [5] Checking services
2026-08-27 17:44:40.608       - [3] Checking services
2026-08-27 17:44:41.624       - [8] Checking services
2026-08-27 17:44:42.625       - [7] Checking services
2026-08-27 17:44:43.639       - [3] Checking services
2026-08-27 17:44:44.640       - [8] Checking services
2026-08-27 17:44:45.655       - [7] Checking services
2026-08-27 17:44:46.656       - [5] Checking services
2026-08-27 17:44:47.670       - [3] Checking services
2026-08-27 17:44:48.670       - [8] Checking services
2026-08-27 17:44:49.673       - [7] Checking services
2026-08-27 17:44:50.698       - [5] Checking services
2026-08-27 17:44:51.703       - [3] Checking services
2026-08-27 17:44:52.717       - [8] Checking services
2026-08-27 17:44:53.733       - [7] Checking services
2026-08-27 17:44:54.740       - [5] Checking services
2026-08-27 17:44:55.744       - [3] Checking services
2026-08-27 17:44:56.757       - [8] Checking services
2026-08-27 17:44:57.761       - [7] Checking services
2026-08-27 17:44:58.764       - [5] Checking services
2026-08-27 17:44:59.764       - [3] Checking services
2026-08-27 17:45:00.778       - [8] Next job start 27/08/2026 17:46:00 for cmd /c "C:\Git\git-bash.exe" "D:\script_ossigeno\upload_to_v2.sh"
2026-08-27 17:45:00.779       - [8] Checking services
2026-08-27 17:45:00.779       [9] Starting job: cmd /c "C:\Git\git-bash.exe" "D:\script_ossigeno\upload_to_v2.sh"
2026-08-27 17:45:00.779       - [9] Executing: C:\Windows\SYSTEM32\cmd.exe
2026-08-27 17:45:00.779       - [9] ...parameters: /c "C:\Git\git-bash.exe" "D:\script_ossigeno\upload_to_v2.sh"
2026-08-27 17:45:00.779       - [9] ...in directory: D:\script_ossigeno
2026-08-27 17:45:00.786       - [9] Process started, waiting at most 86400 seconds
2026-08-27 17:45:01.784       - [5] Checking services
2026-08-27 17:45:01.815       - [9] Job finished
2026-08-27 17:45:02.799       - [3] Checking services
2026-08-27 17:45:03.801       - [8] Checking services
2026-08-27 17:45:04.816       - [7] Checking services
2026-08-27 17:45:05.832       - [5] Checking services
2026-08-27 17:45:06.846       - [3] Checking services
2026-08-27 17:45:07.858       - [8] Checking services
2026-08-27 17:45:08.859       - [7] Checking services
2026-08-27 17:45:09.874       - [5] Checking services
2026-08-27 17:45:10.874       - [3] Checking services
2026-08-27 17:45:11.886       - [8] Checking services
2026-08-27 17:45:12.890       - [7] Checking services
2026-08-27 17:45:13.892       - [5] Checking services
2026-08-27 17:45:14.907       - [3] Checking services
2026-08-27 17:45:15.910       - [8] Checking services
2026-08-27 17:45:16.922       - [7] Checking services
2026-08-27 17:45:17.935       - [5] Checking services
2026-08-27 17:45:18.936       - [3] Checking services
2026-08-27 17:45:19.937       - [8] Checking services
2026-08-27 17:45:20.953       - [7] Checking services
2026-08-27 17:45:21.965       - [5] Checking services
2026-08-27 17:45:22.968       - [3] Checking services
2026-08-27 17:45:23.969       - [8] Checking services
2026-08-27 17:45:24.984       - [7] Checking services
2026-08-27 17:45:25.987       - [5] Checking services
2026-08-27 17:45:26.989       - [3] Checking services
2026-08-27 17:45:28.002       - [8] Checking services
2026-08-27 17:45:29.003       - [7] Checking services
2026-08-27 17:45:30.004       - [5] Checking services
2026-08-27 17:45:31.017       - [3] Checking services
2026-08-27 17:45:32.031       - [8] Checking services
2026-08-27 17:45:33.046       - [7] Checking services
2026-08-27 17:45:34.046       - [5] Checking services
2026-08-27 17:45:35.061       - [3] Checking services
2026-08-27 17:45:36.076       - [8] Checking services
2026-08-27 17:45:37.077       - [7] Checking services
2026-08-27 17:45:38.093       - [5] Checking services
2026-08-27 17:45:39.108       - [3] Checking services
2026-08-27 17:45:40.123       - [8] Checking services
2026-08-27 17:45:40.609 ***   [7] Shutting down
2026-08-27 18:30:20.982 ***   Cronical booting up
2026-08-27 18:30:21.001       Starting Cronical as a service...
2026-08-27 18:30:21.003 ***   [4] Process startup
2026-08-27 18:30:21.003       [4] Using definition file cronical.dat
2026-08-27 18:30:21.014       - [4] Next job start 28/08/2026 05:30:00 for cmd /c "C:\Git\bin\bash.exe" "D:\script_ossigeno\upload_to_v2.sh"
2026-08-27 18:30:21.016       - [4] Next job start 28/08/2026 06:00:00 for cmd /c "C:\Git\bin\bash.exe" "D:\script_ossigeno\upload_to_v1.sh"
2026-08-27 18:30:21.016       - [4] Next job start 27/08/2026 18:31:00 for cmd /c "C:\Git\git-bash.exe" "D:\script_ossigeno\upload_to_v2.sh"
2026-08-27 18:30:21.017       [4] Config: Run missed jobs on startup = False
2026-08-27 18:30:21.017       [4] Config: Check services every       = 0 seconds (constantly)
2026-08-27 18:30:21.017       [4] Config: Terminate cron jobs after  = 86400 seconds
2026-08-27 18:30:21.019       [4] 3 jobs in job list
2026-08-27 18:30:21.019       - [4] Starting boot jobs
2026-08-27 18:30:22.036       - [4] Checking services
2026-08-27 18:30:22.042       [4] Hello! I have 1 upcoming jobs today and 0 services running.
2026-08-27 18:30:23.031       - [4] Checking services
2026-08-27 18:30:24.045       - [5] Checking services
2026-08-27 18:30:25.061       - [4] Checking services
2026-08-27 18:30:26.076       - [5] Checking services
2026-08-27 18:30:27.079       - [4] Checking services
2026-08-27 18:30:28.081       - [5] Checking services
2026-08-27 18:30:29.083       - [4] Checking services
2026-08-27 18:30:30.086       - [5] Checking services
2026-08-27 18:30:31.091       - [4] Checking services
2026-08-27 18:30:32.105       - [5] Checking services
2026-08-27 18:30:33.118       - [4] Checking services
2026-08-27 18:30:34.120       - [5] Checking services
2026-08-27 18:30:35.131       - [4] Checking services
2026-08-27 18:30:36.146       - [5] Checking services
2026-08-27 18:30:37.148       - [4] Checking services
2026-08-27 18:30:38.163       - [5] Checking services
2026-08-27 18:30:39.176       - [4] Checking services
2026-08-27 18:30:40.190       - [5] Checking services
2026-08-27 18:30:41.194       - [4] Checking services
2026-08-27 18:30:42.197       - [5] Checking services
2026-08-27 18:30:43.202       - [5] Checking services
2026-08-27 18:30:44.217       - [4] Checking services
2026-08-27 18:30:45.231       - [5] Checking services
2026-08-27 18:30:46.232       - [4] Checking services
2026-08-27 18:30:47.249       - [5] Checking services
2026-08-27 18:30:48.261       - [4] Checking services
2026-08-27 18:30:49.277       - [5] Checking services
2026-08-27 18:30:50.292       - [4] Checking services
2026-08-27 18:30:51.294       - [5] Checking services
2026-08-27 18:30:52.304       - [4] Checking services
2026-08-27 18:30:53.306       - [5] Checking services
2026-08-27 18:30:54.306       - [4] Checking services
2026-08-27 18:30:55.318       - [5] Checking services
2026-08-27 18:30:56.331       - [4] Checking services
2026-08-27 18:30:57.346       - [5] Checking services
2026-08-27 18:30:58.360       - [4] Checking services
2026-08-27 18:30:59.375       - [5] Checking services
2026-08-27 18:31:00.389       - [4] Next job start 27/08/2026 18:32:00 for cmd /c "C:\Git\git-bash.exe" "D:\script_ossigeno\upload_to_v2.sh"
2026-08-27 18:31:00.389       - [4] Checking services
2026-08-27 18:31:00.393       [3] Starting job: cmd /c "C:\Git\git-bash.exe" "D:\script_ossigeno\upload_to_v2.sh"
2026-08-27 18:31:00.396       - [3] Executing: C:\Windows\SYSTEM32\cmd.exe
2026-08-27 18:31:00.396       - [3] ...parameters: /c "C:\Git\git-bash.exe" "D:\script_ossigeno\upload_to_v2.sh"
2026-08-27 18:31:00.396       - [3] ...in directory: D:\script_ossigeno
2026-08-27 18:31:00.428       - [3] Process started, waiting at most 86400 seconds
2026-08-27 18:31:01.401       [4] Definition file change detected
2026-08-27 18:31:01.413 ERR   [4] Exception in Tick(): IOException: Il processo non può accedere al file 'D:\script_ossigeno\cronical.dat' perché è in uso da un altro processo.
2026-08-27 18:31:01.467       - [3] Job finished
2026-08-27 18:31:02.417       [5] Definition file change detected
2026-08-27 18:31:02.417       [5] Config: Run missed jobs on startup = False
2026-08-27 18:31:02.417       [5] Config: Check services every       = 0 seconds (constantly)
2026-08-27 18:31:02.417       [5] Config: Terminate cron jobs after  = 86400 seconds
2026-08-27 18:31:02.419       [5] Removing old CronJob: cmd /c "C:\Git\bin\bash.exe" "D:\script_ossigeno\upload_to_v2.sh"
2026-08-27 18:31:02.419       [5] Removing old CronJob: cmd /c "C:\Git\bin\bash.exe" "D:\script_ossigeno\upload_to_v1.sh"
2026-08-27 18:31:02.419       [5] Removing old CronJob: cmd /c "C:\Git\git-bash.exe" "D:\script_ossigeno\upload_to_v2.sh"
2026-08-27 18:31:02.420       [5] All jobs reloaded
2026-08-27 18:31:02.420       - [5] Checking services
2026-08-27 18:31:03.419       - [4] Checking services
2026-08-27 18:31:04.434       - [7] Checking services
2026-08-27 18:31:05.446       - [5] Checking services
2026-08-27 18:31:06.458       - [4] Checking services
2026-08-27 18:31:07.459       - [7] Checking services
2026-08-27 18:31:08.473       - [5] Checking services
2026-08-27 18:31:09.474       - [4] Checking services
2026-08-27 18:31:10.475       - [7] Checking services
2026-08-27 18:31:11.487       - [5] Checking services
2026-08-27 18:31:12.498       - [4] Checking services
2026-08-27 18:31:13.501       - [7] Checking services
2026-08-27 18:31:14.516       - [4] Checking services
2026-08-27 18:31:15.518       - [5] Checking services
2026-08-27 18:31:16.520       - [7] Checking services
2026-08-27 18:31:17.535       - [4] Checking services
2026-08-27 18:31:18.535       - [5] Checking services
2026-08-27 18:31:19.536       - [7] Checking services
2026-08-27 18:31:20.549       - [4] Checking services
2026-08-27 18:31:21.553       - [5] Checking services
2026-08-27 18:31:22.565       - [7] Checking services
2026-08-27 18:31:23.575       - [4] Checking services
2026-08-27 18:31:24.590       - [5] Checking services
2026-08-27 18:31:25.604       - [7] Checking services
2026-08-27 18:31:26.608       - [4] Checking services
2026-08-27 18:31:27.609       - [5] Checking services
2026-08-27 18:31:28.622       - [7] Checking services
2026-08-27 18:31:29.631       - [4] Checking services
2026-08-27 18:31:30.640       - [5] Checking services
2026-08-27 18:31:31.651       - [7] Checking services
2026-08-27 18:31:32.662       - [4] Checking services
2026-08-27 18:31:33.676       - [5] Checking services
2026-08-27 18:31:34.688       - [7] Checking services
2026-08-27 18:31:35.699       - [4] Checking services
2026-08-27 18:31:36.701       - [5] Checking services
2026-08-27 18:31:37.717       - [7] Checking services
2026-08-27 18:31:38.731       - [4] Checking services
2026-08-27 18:31:39.745       - [5] Checking services
2026-08-27 18:31:40.757       - [7] Checking services
2026-08-27 18:31:41.769       - [4] Checking services
2026-08-27 18:31:42.770       - [5] Checking services
2026-08-27 18:31:43.784       - [7] Checking services
2026-08-27 18:31:44.800       - [4] Checking services
2026-08-27 18:31:45.815       - [5] Checking services
2026-08-27 18:31:46.827       - [7] Checking services
2026-08-27 18:31:47.842       - [4] Checking services
2026-08-27 18:31:48.856       - [5] Checking services
2026-08-27 18:31:49.872       - [7] Checking services
2026-08-27 18:31:50.885       - [4] Checking services
2026-08-27 18:31:51.898       - [5] Checking services
2026-08-27 18:31:52.913       - [7] Checking services
2026-08-27 18:31:53.925       - [4] Checking services
2026-08-27 18:31:54.936       - [5] Checking services
2026-08-27 18:31:55.954       - [7] Checking services
2026-08-27 18:31:56.961       - [4] Checking services
2026-08-27 18:31:57.963       - [5] Checking services
2026-08-27 18:31:58.966       - [7] Checking services
2026-08-27 18:31:59.967       [4] Definition file change detected
2026-08-27 18:31:59.967       - [4] Next job start 27/08/2026 18:32:00 for cmd /c "C:\Git\git-bash.exe" "D:\script_ossigeno\messager.sh"
2026-08-27 18:31:59.968       [4] Config: Run missed jobs on startup = False
2026-08-27 18:31:59.968       [4] Config: Check services every       = 0 seconds (constantly)
2026-08-27 18:31:59.968       [4] Config: Terminate cron jobs after  = 86400 seconds
2026-08-27 18:31:59.968       [4] Found new CronJob: cmd /c "C:\Git\git-bash.exe" "D:\script_ossigeno\messager.sh"
2026-08-27 18:31:59.970       [4] All jobs reloaded
2026-08-27 18:31:59.970       - [4] Checking services
2026-08-27 18:32:00.969       - [5] Next job start 27/08/2026 18:33:00 for cmd /c "C:\Git\git-bash.exe" "D:\script_ossigeno\messager.sh"
2026-08-27 18:32:00.970       - [5] Checking services
2026-08-27 18:32:00.970       [8] Starting job: cmd /c "C:\Git\git-bash.exe" "D:\script_ossigeno\messager.sh"
2026-08-27 18:32:00.970       - [8] Executing: C:\Windows\SYSTEM32\cmd.exe
2026-08-27 18:32:00.970       - [8] ...parameters: /c "C:\Git\git-bash.exe" "D:\script_ossigeno\messager.sh"
2026-08-27 18:32:00.970       - [8] ...in directory: D:\script_ossigeno
2026-08-27 18:32:00.987       - [8] Process started, waiting at most 86400 seconds
2026-08-27 18:32:01.979       - [4] Checking services
2026-08-27 18:32:02.025       - [8] Job finished
2026-08-27 18:32:02.991       - [5] Checking services
2026-08-27 18:32:03.993       - [7] Checking services
2026-08-27 18:32:04.995       - [3] Checking services
2026-08-27 18:32:05.997       - [4] Checking services
2026-08-27 18:32:06.999       - [5] Checking services
2026-08-27 18:32:08.015       - [7] Checking services
2026-08-27 18:32:09.028       - [3] Checking services
2026-08-27 18:32:10.030       - [4] Checking services
2026-08-27 18:32:11.046       - [5] Checking services
2026-08-27 18:32:12.060       - [7] Checking services
2026-08-27 18:32:13.074       - [4] Checking services
2026-08-27 18:32:14.077       - [5] Checking services
2026-08-27 18:32:15.093       - [7] Checking services
2026-08-27 18:32:16.106       - [3] Checking services
2026-08-27 18:32:17.108       - [4] Checking services
2026-08-27 18:32:18.109       - [5] Checking services
2026-08-27 18:32:19.125       - [7] Checking services
2026-08-27 18:32:20.126       - [3] Checking services
2026-08-27 18:32:21.139       - [4] Checking services
2026-08-27 18:32:22.154       - [5] Checking services
2026-08-27 18:32:23.155       - [7] Checking services
2026-08-27 18:32:24.169       - [3] Checking services
2026-08-27 18:32:25.175       - [4] Checking services
2026-08-27 18:32:26.185       - [5] Checking services
2026-08-27 18:32:27.200       - [7] Checking services
2026-08-27 18:32:28.214       - [3] Checking services
2026-08-27 18:32:29.229       - [4] Checking services
2026-08-27 18:32:30.243       - [5] Checking services
2026-08-27 18:32:31.256       - [7] Checking services
2026-08-27 18:32:32.269       - [3] Checking services
2026-08-27 18:32:33.281       - [4] Checking services
2026-08-27 18:32:34.296       - [5] Checking services
2026-08-27 18:32:35.297       - [7] Checking services
2026-08-27 18:32:36.299       - [3] Checking services
2026-08-27 18:32:37.313       - [4] Checking services
2026-08-27 18:32:38.327       - [5] Checking services
2026-08-27 18:32:39.342       - [7] Checking services
2026-08-27 18:32:40.356       - [3] Checking services
2026-08-27 18:32:41.366       - [4] Checking services
2026-08-27 18:32:42.369       - [5] Checking services
2026-08-27 18:32:43.382       - [7] Checking services
2026-08-27 18:32:44.394       - [3] Checking services
2026-08-27 18:32:45.397       - [4] Checking services
2026-08-27 18:32:46.411       - [5] Checking services
2026-08-27 18:32:47.424       - [7] Checking services
2026-08-27 18:32:48.437       - [3] Checking services
2026-08-27 18:32:49.439       - [4] Checking services
2026-08-27 18:32:50.454       - [5] Checking services
2026-08-27 18:32:51.469       - [7] Checking services
2026-08-27 18:32:52.482       - [3] Checking services
2026-08-27 18:32:53.493       - [4] Checking services
2026-08-27 18:32:54.506       - [5] Checking services
2026-08-27 18:32:55.506       - [7] Checking services
2026-08-27 18:32:56.519       - [3] Checking services
2026-08-27 18:32:57.535       - [4] Checking services
2026-08-27 18:32:58.542       - [5] Checking services
2026-08-27 18:32:59.555       - [7] Checking services
2026-08-27 18:33:00.567       - [3] Checking services
2026-08-27 18:33:01.568       - [4] Next job start 27/08/2026 18:34:00 for cmd /c "C:\Git\git-bash.exe" "D:\script_ossigeno\messager.sh"
2026-08-27 18:33:01.569       - [4] Checking services
2026-08-27 18:33:01.569       [9] Starting job: cmd /c "C:\Git\git-bash.exe" "D:\script_ossigeno\messager.sh"
2026-08-27 18:33:01.569       - [9] Executing: C:\Windows\SYSTEM32\cmd.exe
2026-08-27 18:33:01.569       - [9] ...parameters: /c "C:\Git\git-bash.exe" "D:\script_ossigeno\messager.sh"
2026-08-27 18:33:01.570       - [9] ...in directory: D:\script_ossigeno
2026-08-27 18:33:01.576       - [9] Process started, waiting at most 86400 seconds
2026-08-27 18:33:02.569       - [4] Checking services
2026-08-27 18:33:02.616       - [9] Job finished
2026-08-27 18:33:03.571       - [7] Checking services
2026-08-27 18:33:04.575       - [3] Checking services
2026-08-27 18:33:05.590       - [5] Checking services
2026-08-27 18:33:06.603       - [4] Checking services
2026-08-27 18:33:07.615       - [7] Checking services
2026-08-27 18:33:08.629       - [3] Checking services
2026-08-27 18:33:09.640       - [5] Checking services
2026-08-27 18:33:10.651       - [4] Checking services
2026-08-27 18:33:11.654       - [7] Checking services
2026-08-27 18:33:12.658       - [3] Checking services
2026-08-27 18:33:13.669       - [5] Checking services
2026-08-27 18:33:14.683       - [4] Checking services
2026-08-27 18:33:15.685       - [7] Checking services
2026-08-27 18:33:16.692       - [3] Checking services
2026-08-27 18:33:17.707       - [5] Checking services
2026-08-27 18:33:18.717       - [4] Checking services
2026-08-27 18:33:19.731       - [7] Checking services
2026-08-27 18:33:20.733       - [3] Checking services
2026-08-27 18:33:21.734       - [5] Checking services
2026-08-27 18:33:22.746       - [4] Checking services
2026-08-27 18:33:23.748       - [7] Checking services
2026-08-27 18:33:24.763       - [3] Checking services
2026-08-27 18:33:25.765       - [5] Checking services
2026-08-27 18:33:26.778       - [4] Checking services
2026-08-27 18:33:27.793       - [7] Checking services
2026-08-27 18:33:28.797       - [3] Checking services
2026-08-27 18:33:29.810       - [5] Checking services
2026-08-27 18:33:30.822       - [4] Checking services
2026-08-27 18:33:31.837       - [7] Checking services
2026-08-27 18:33:32.842       - [3] Checking services
2026-08-27 18:33:33.850       - [5] Checking services
2026-08-27 18:33:34.865       - [4] Checking services
2026-08-27 18:33:35.878       - [7] Checking services
2026-08-27 18:33:36.892       - [3] Checking services
2026-08-27 18:33:37.893       - [5] Checking services
2026-08-27 18:33:38.908       - [4] Checking services
2026-08-27 18:33:39.922       - [7] Checking services
2026-08-27 18:33:40.936       - [3] Checking services
2026-08-27 18:33:41.936       - [5] Checking services
2026-08-27 18:33:42.950       - [4] Checking services
2026-08-27 18:33:43.953       - [7] Checking services
2026-08-27 18:33:44.967       - [5] Checking services
2026-08-27 18:33:45.982       - [4] Checking services
2026-08-27 18:33:46.998       - [7] Checking services
2026-08-27 18:33:48.014       - [5] Checking services
2026-08-27 18:33:49.029       - [4] Checking services
2026-08-27 18:33:50.040       - [7] Checking services
2026-08-27 18:33:51.053       - [3] Checking services
2026-08-27 18:33:52.067       - [5] Checking services
2026-08-27 18:33:53.080       - [4] Checking services
2026-08-27 18:33:54.094       - [7] Checking services
2026-08-27 18:33:55.096       - [5] Checking services
2026-08-27 18:33:56.106       - [4] Checking services
2026-08-27 18:33:57.123       - [3] Checking services
2026-08-27 18:33:58.137       - [7] Checking services
2026-08-27 18:33:59.142       - [5] Checking services
2026-08-27 18:34:00.153       - [4] Checking services
2026-08-27 18:34:01.154       - [3] Next job start 27/08/2026 18:35:00 for cmd /c "C:\Git\git-bash.exe" "D:\script_ossigeno\messager.sh"
2026-08-27 18:34:01.155       - [3] Checking services
2026-08-27 18:34:01.156       [8] Starting job: cmd /c "C:\Git\git-bash.exe" "D:\script_ossigeno\messager.sh"
2026-08-27 18:34:01.156       - [8] Executing: C:\Windows\SYSTEM32\cmd.exe
2026-08-27 18:34:01.156       - [8] ...parameters: /c "C:\Git\git-bash.exe" "D:\script_ossigeno\messager.sh"
2026-08-27 18:34:01.156       - [8] ...in directory: D:\script_ossigeno
2026-08-27 18:34:01.164       - [8] Process started, waiting at most 86400 seconds
2026-08-27 18:34:02.166       - [5] Checking services
2026-08-27 18:34:02.213       - [8] Job finished
2026-08-27 18:34:03.177       - [4] Checking services
2026-08-27 18:34:04.190       - [3] Checking services
2026-08-27 18:34:05.204       - [7] Checking services
2026-08-27 18:34:06.213       - [5] Checking services
2026-08-27 18:34:07.214       - [4] Checking services
2026-08-27 18:34:08.215       - [3] Checking services
2026-08-27 18:34:09.217       [7] Definition file change detected
2026-08-27 18:34:09.218       - [7] Next job start 27/08/2026 18:35:00 for cmd /c "C:\Git\bin\bash.exe" "D:\script_ossigeno\messager.sh"
2026-08-27 18:34:09.218       [7] Config: Run missed jobs on startup = False
2026-08-27 18:34:09.219       [7] Config: Check services every       = 0 seconds (constantly)
2026-08-27 18:34:09.219       [7] Config: Terminate cron jobs after  = 86400 seconds
2026-08-27 18:34:09.231       [7] Found new CronJob: cmd /c "C:\Git\bin\bash.exe" "D:\script_ossigeno\messager.sh"
2026-08-27 18:34:09.231       [7] Removing old CronJob: cmd /c "C:\Git\git-bash.exe" "D:\script_ossigeno\messager.sh"
2026-08-27 18:34:09.232       [7] All jobs reloaded
2026-08-27 18:34:09.232       - [7] Checking services
2026-08-27 18:34:10.218       - [3] Checking services
2026-08-27 18:34:11.233       - [5] Checking services
2026-08-27 18:34:12.244       - [7] Checking services
2026-08-27 18:34:13.258       - [4] Checking services
2026-08-27 18:34:14.269       - [3] Checking services
2026-08-27 18:34:15.284       - [5] Checking services
2026-08-27 18:34:16.300       - [7] Checking services
2026-08-27 18:34:17.301       - [4] Checking services
2026-08-27 18:34:18.313       - [3] Checking services
2026-08-27 18:34:19.326       - [7] Checking services
2026-08-27 18:34:20.341       - [4] Checking services
2026-08-27 18:34:21.356       - [3] Checking services
2026-08-27 18:34:22.369       - [5] Checking services
2026-08-27 18:34:23.380       - [7] Checking services
2026-08-27 18:34:24.383       - [4] Checking services
2026-08-27 18:34:25.398       - [3] Checking services
2026-08-27 18:34:26.410       - [5] Checking services
2026-08-27 18:34:27.420       - [7] Checking services
2026-08-27 18:34:28.435       - [4] Checking services
2026-08-27 18:34:29.436       - [3] Checking services
2026-08-27 18:34:30.446       - [5] Checking services
2026-08-27 18:34:31.458       - [7] Checking services
2026-08-27 18:34:32.473       - [4] Checking services
2026-08-27 18:34:33.487       - [3] Checking services
2026-08-27 18:34:34.489       - [5] Checking services
2026-08-27 18:34:35.492       - [7] Checking services
2026-08-27 18:34:36.507       - [4] Checking services
2026-08-27 18:34:37.520       - [3] Checking services
2026-08-27 18:34:38.533       - [5] Checking services
2026-08-27 18:34:39.544       - [7] Checking services
2026-08-27 18:34:40.548       - [4] Checking services
2026-08-27 18:34:41.561       - [3] Checking services
2026-08-27 18:34:42.577       - [5] Checking services
2026-08-27 18:34:43.591       - [7] Checking services
2026-08-27 18:34:44.607       - [4] Checking services
2026-08-27 18:34:45.623       - [5] Checking services
2026-08-27 18:34:46.625       - [7] Checking services
2026-08-27 18:34:47.638       - [3] Checking services
2026-08-27 18:34:48.654       - [4] Checking services
2026-08-27 18:34:49.663       - [5] Checking services
2026-08-27 18:34:50.678       - [7] Checking services
2026-08-27 18:34:51.692       - [3] Checking services
2026-08-27 18:34:52.701       - [4] Checking services
2026-08-27 18:34:53.716       - [5] Checking services
2026-08-27 18:34:54.733       - [7] Checking services
2026-08-27 18:34:55.748       - [3] Checking services
2026-08-27 18:34:56.759       - [4] Checking services
2026-08-27 18:34:57.760       - [5] Checking services
2026-08-27 18:34:58.774       - [7] Checking services
2026-08-27 18:34:59.787       - [3] Checking services
2026-08-27 18:35:00.790       - [4] Next job start 27/08/2026 18:36:00 for cmd /c "C:\Git\bin\bash.exe" "D:\script_ossigeno\messager.sh"
2026-08-27 18:35:00.794       - [4] Checking services
2026-08-27 18:35:00.794       [9] Starting job: cmd /c "C:\Git\bin\bash.exe" "D:\script_ossigeno\messager.sh"
2026-08-27 18:35:00.794       - [9] Executing: C:\Windows\SYSTEM32\cmd.exe
2026-08-27 18:35:00.794       - [9] ...parameters: /c "C:\Git\bin\bash.exe" "D:\script_ossigeno\messager.sh"
2026-08-27 18:35:00.794       - [9] ...in directory: D:\script_ossigeno
2026-08-27 18:35:00.817       - [9] Process started, waiting at most 86400 seconds
2026-08-27 18:35:01.801       - [7] Checking services
2026-08-27 18:35:01.848       - [9] Job finished
2026-08-27 18:35:02.816       - [3] Checking services
2026-08-27 18:35:03.834       - [4] Checking services
2026-08-27 18:35:04.842       [5] Definition file change detected
2026-08-27 18:35:04.842       - [5] Next job start 27/08/2026 18:36:00 for cmd /c C:\Git\bin\bash.exe D:\script_ossigeno\messager.sh
2026-08-27 18:35:04.843       [5] Config: Run missed jobs on startup = False
2026-08-27 18:35:04.843       [5] Config: Check services every       = 0 seconds (constantly)
2026-08-27 18:35:04.843       [5] Config: Terminate cron jobs after  = 86400 seconds
2026-08-27 18:35:04.843       [5] Found new CronJob: cmd /c C:\Git\bin\bash.exe D:\script_ossigeno\messager.sh
2026-08-27 18:35:04.843       [5] Removing old CronJob: cmd /c "C:\Git\bin\bash.exe" "D:\script_ossigeno\messager.sh"
2026-08-27 18:35:04.843       [5] All jobs reloaded
2026-08-27 18:35:04.843       - [5] Checking services
2026-08-27 18:35:05.857       - [3] Checking services
2026-08-27 18:35:06.859       - [4] Checking services
2026-08-27 18:35:07.873       - [7] Checking services
2026-08-27 18:35:08.886       - [5] Checking services
2026-08-27 18:35:09.901       - [3] Checking services
2026-08-27 18:35:10.908       - [4] Checking services
2026-08-27 18:35:11.917       - [7] Checking services
2026-08-27 18:35:12.931       - [5] Checking services
2026-08-27 18:35:13.946       - [3] Checking services
2026-08-27 18:35:14.961       - [4] Checking services
2026-08-27 18:35:15.973       - [7] Checking services
2026-08-27 18:35:16.976       - [5] Checking services
2026-08-27 18:35:17.978       - [3] Checking services
2026-08-27 18:35:18.992       - [4] Checking services
2026-08-27 18:35:20.006       - [7] Checking services
2026-08-27 18:35:21.018       - [5] Checking services
2026-08-27 18:35:22.034       - [3] Checking services
2026-08-27 18:35:23.045       - [4] Checking services
2026-08-27 18:35:24.046       - [7] Checking services
2026-08-27 18:35:25.061       - [5] Checking services
2026-08-27 18:35:26.074       - [3] Checking services
2026-08-27 18:35:27.086       - [7] Checking services
2026-08-27 18:35:28.101       - [5] Checking services
2026-08-27 18:35:29.103       - [3] Checking services
2026-08-27 18:35:30.115       - [4] Checking services
2026-08-27 18:35:31.128       - [7] Checking services
2026-08-27 18:35:32.131       - [5] Checking services
2026-08-27 18:35:33.132       - [3] Checking services
2026-08-27 18:35:34.144       - [4] Checking services
2026-08-27 18:35:35.146       - [7] Checking services
2026-08-27 18:35:36.161       - [5] Checking services
2026-08-27 18:35:37.175       - [3] Checking services
2026-08-27 18:35:38.185       - [4] Checking services
2026-08-27 18:35:39.201       - [7] Checking services
2026-08-27 18:35:40.214       - [5] Checking services
2026-08-27 18:35:41.229       - [3] Checking services
2026-08-27 18:35:42.233       - [4] Checking services
2026-08-27 18:35:43.236       - [7] Checking services
2026-08-27 18:35:44.248       - [5] Checking services
2026-08-27 18:35:45.261       - [3] Checking services
2026-08-27 18:35:46.273       - [4] Checking services
2026-08-27 18:35:47.288       - [7] Checking services
2026-08-27 18:35:48.292       - [5] Checking services
2026-08-27 18:35:49.295       - [3] Checking services
2026-08-27 18:35:50.310       - [4] Checking services
2026-08-27 18:35:51.316       - [7] Checking services
2026-08-27 18:35:52.320       - [5] Checking services
2026-08-27 18:35:53.335       - [3] Checking services
2026-08-27 18:35:54.346       - [4] Checking services
2026-08-27 18:35:55.348       - [7] Checking services
2026-08-27 18:35:56.363       - [5] Checking services
2026-08-27 18:35:57.373       - [3] Checking services
2026-08-27 18:35:58.389       - [4] Checking services
2026-08-27 18:35:59.392       - [7] Checking services
2026-08-27 18:36:00.407       - [5] Checking services
2026-08-27 18:36:01.424       - [3] Next job start 27/08/2026 18:37:00 for cmd /c C:\Git\bin\bash.exe D:\script_ossigeno\messager.sh
2026-08-27 18:36:01.425       [9] Starting job: cmd /c C:\Git\bin\bash.exe D:\script_ossigeno\messager.sh
2026-08-27 18:36:01.426       - [9] Executing: C:\Windows\SYSTEM32\cmd.exe
2026-08-27 18:36:01.426       - [9] ...parameters: /c C:\Git\bin\bash.exe D:\script_ossigeno\messager.sh
2026-08-27 18:36:01.426       - [9] ...in directory: D:\script_ossigeno
2026-08-27 18:36:01.426       - [3] Checking services
2026-08-27 18:36:01.448       - [9] Process started, waiting at most 86400 seconds
2026-08-27 18:36:02.439       - [3] Checking services
2026-08-27 18:36:02.704       - [9] Job finished
2026-08-27 18:36:03.441       - [7] Checking services
2026-08-27 18:36:04.456       - [5] Checking services
2026-08-27 18:36:05.468       - [4] Checking services
2026-08-27 18:36:06.482       - [3] Checking services
2026-08-27 18:36:07.483       - [7] Checking services
2026-08-27 18:36:08.495       - [5] Checking services
2026-08-27 18:36:09.505       - [4] Checking services
2026-08-27 18:36:10.510       - [3] Checking services
2026-08-27 18:36:11.515       - [7] Checking services
2026-08-27 18:36:12.530       - [5] Checking services
2026-08-27 18:36:13.546       - [4] Checking services
2026-08-27 18:36:14.562       - [3] Checking services
2026-08-27 18:36:15.575       - [7] Checking services
2026-08-27 18:36:16.589       - [5] Checking services
2026-08-27 18:36:17.602       - [4] Checking services
2026-08-27 18:36:18.616       - [3] Checking services
2026-08-27 18:36:19.617       - [7] Checking services
2026-08-27 18:36:20.629       - [5] Checking services
2026-08-27 18:36:21.635       - [4] Checking services
2026-08-27 18:36:22.646       - [3] Checking services
2026-08-27 18:36:23.648       - [7] Checking services
2026-08-27 18:36:24.658       - [5] Checking services
2026-08-27 18:36:25.673       - [4] Checking services
2026-08-27 18:36:26.687       - [3] Checking services
2026-08-27 18:36:27.702       - [7] Checking services
2026-08-27 18:36:28.717       - [5] Checking services
2026-08-27 18:36:29.732       - [4] Checking services
2026-08-27 18:36:30.745       - [3] Checking services
2026-08-27 18:36:31.754       - [7] Checking services
2026-08-27 18:36:32.767       - [5] Checking services
2026-08-27 18:36:33.780       - [4] Checking services
2026-08-27 18:36:34.794       - [3] Checking services
2026-08-27 18:36:35.810       - [7] Checking services
2026-08-27 18:36:36.811       - [5] Checking services
2026-08-27 18:36:37.827       - [4] Checking services
2026-08-27 18:36:38.838       - [3] Checking services
2026-08-27 18:36:39.850       - [7] Checking services
2026-08-27 18:36:40.865       - [5] Checking services
2026-08-27 18:36:41.877       - [4] Checking services
2026-08-27 18:36:42.881       - [3] Checking services
2026-08-27 18:36:43.895       - [7] Checking services
2026-08-27 18:36:44.895       - [5] Checking services
2026-08-27 18:36:45.897       - [4] Checking services
2026-08-27 18:36:46.911       - [3] Checking services
2026-08-27 18:36:47.921       - [7] Checking services
2026-08-27 18:36:48.922       [5] Definition file change detected
2026-08-27 18:36:48.923       - [5] Next job start 27/08/2026 18:37:00 for cmd /c C:\Git\git-bash.exe D:\script_ossigeno\messager.sh
2026-08-27 18:36:48.924       [5] Config: Run missed jobs on startup = False
2026-08-27 18:36:48.924       [5] Config: Check services every       = 0 seconds (constantly)
2026-08-27 18:36:48.924       [5] Config: Terminate cron jobs after  = 86400 seconds
2026-08-27 18:36:48.924       [5] Found new CronJob: cmd /c C:\Git\git-bash.exe D:\script_ossigeno\messager.sh
2026-08-27 18:36:48.924       [5] Removing old CronJob: cmd /c C:\Git\bin\bash.exe D:\script_ossigeno\messager.sh
2026-08-27 18:36:48.924       [5] All jobs reloaded
2026-08-27 18:36:48.924       - [5] Checking services
2026-08-27 18:36:49.936       - [7] Checking services
2026-08-27 18:36:50.951       - [4] Checking services
2026-08-27 18:36:51.967       - [5] Checking services
2026-08-27 18:36:52.980       - [3] Checking services
2026-08-27 18:36:53.982       - [7] Checking services
2026-08-27 18:36:54.985       - [4] Checking services
2026-08-27 18:36:55.988       - [5] Checking services
2026-08-27 18:36:56.992       - [3] Checking services
2026-08-27 18:36:57.992       - [7] Checking services
2026-08-27 18:36:59.004       - [4] Checking services
2026-08-27 18:37:00.013       - [5] Checking services
2026-08-27 18:37:01.015       - [3] Next job start 27/08/2026 18:38:00 for cmd /c C:\Git\git-bash.exe D:\script_ossigeno\messager.sh
2026-08-27 18:37:01.016       - [3] Checking services
2026-08-27 18:37:01.016       [9] Starting job: cmd /c C:\Git\git-bash.exe D:\script_ossigeno\messager.sh
2026-08-27 18:37:01.016       - [9] Executing: C:\Windows\SYSTEM32\cmd.exe
2026-08-27 18:37:01.016       - [9] ...parameters: /c C:\Git\git-bash.exe D:\script_ossigeno\messager.sh
2026-08-27 18:37:01.016       - [9] ...in directory: D:\script_ossigeno
2026-08-27 18:37:01.044       - [9] Process started, waiting at most 86400 seconds
2026-08-27 18:37:02.029       - [4] Checking services
2026-08-27 18:37:02.576       - [9] Job finished
2026-08-27 18:37:03.043       - [5] Checking services
2026-08-27 18:37:04.045       - [3] Checking services
2026-08-27 18:37:05.047       - [7] Checking services
2026-08-27 18:37:06.061       - [5] Checking services
2026-08-27 18:37:07.066       - [3] Checking services
2026-08-27 18:37:08.076       - [7] Checking services
2026-08-27 18:37:09.086       - [4] Checking services
2026-08-27 18:37:10.100       - [5] Checking services
2026-08-27 18:37:11.108       - [3] Checking services
2026-08-27 18:37:12.109       - [7] Checking services
2026-08-27 18:37:13.125       - [4] Checking services
2026-08-27 18:37:14.128       - [5] Checking services
2026-08-27 18:37:15.131       - [3] Checking services
2026-08-27 18:37:16.144       - [7] Checking services
2026-08-27 18:37:17.145       - [4] Checking services
2026-08-27 18:37:18.160       - [5] Checking services
2026-08-27 18:37:19.162       - [3] Checking services
2026-08-27 18:37:20.176       - [7] Checking services
2026-08-27 18:37:21.190       - [4] Checking services
2026-08-27 18:37:22.204       - [5] Checking services
2026-08-27 18:37:23.218       - [3] Checking services
2026-08-27 18:37:24.232       - [7] Checking services
2026-08-27 18:37:25.246       - [4] Checking services
2026-08-27 18:37:26.260       - [5] Checking services
2026-08-27 18:37:27.263       - [3] Checking services
2026-08-27 18:37:28.274       - [7] Checking services
2026-08-27 18:37:29.275       - [4] Checking services
2026-08-27 18:37:30.286       - [5] Checking services
2026-08-27 18:37:31.298       - [3] Checking services
2026-08-27 18:37:32.310       - [7] Checking services
2026-08-27 18:37:33.326       - [4] Checking services
2026-08-27 18:37:34.327       - [5] Checking services
2026-08-27 18:37:35.339       - [3] Checking services
2026-08-27 18:37:36.354       - [7] Checking services
2026-08-27 18:37:37.360       - [4] Checking services
2026-08-27 18:37:38.363       - [5] Checking services
2026-08-27 18:37:39.367       - [3] Checking services
2026-08-27 18:37:40.379       - [7] Checking services
2026-08-27 18:37:41.389       - [4] Checking services
2026-08-27 18:37:42.391       - [5] Checking services
2026-08-27 18:37:43.404       - [3] Checking services
2026-08-27 18:37:44.417       - [7] Checking services
2026-08-27 18:37:45.418       - [4] Checking services
2026-08-27 18:37:46.420       - [5] Checking services
2026-08-27 18:37:47.421       - [3] Checking services
2026-08-27 18:37:48.436       - [7] Checking services
2026-08-27 18:37:49.450       - [4] Checking services
2026-08-27 18:37:50.464       - [5] Checking services
2026-08-27 18:37:51.477       - [3] Checking services
2026-08-27 18:37:52.491       - [7] Checking services
2026-08-27 18:37:53.494       - [4] Checking services
2026-08-27 18:37:54.505       - [5] Checking services
2026-08-27 18:37:55.507       - [3] Checking services
2026-08-27 18:37:56.521       - [7] Checking services
2026-08-27 18:37:57.533       - [4] Checking services
2026-08-27 18:37:58.547       - [5] Checking services
2026-08-27 18:37:59.561       - [3] Checking services
2026-08-27 18:38:00.576       - [7] Next job start 27/08/2026 18:39:00 for cmd /c C:\Git\git-bash.exe D:\script_ossigeno\messager.sh
2026-08-27 18:38:00.577       - [7] Checking services
2026-08-27 18:38:00.577       [8] Starting job: cmd /c C:\Git\git-bash.exe D:\script_ossigeno\messager.sh
2026-08-27 18:38:00.577       - [8] Executing: C:\Windows\SYSTEM32\cmd.exe
2026-08-27 18:38:00.577       - [8] ...parameters: /c C:\Git\git-bash.exe D:\script_ossigeno\messager.sh
2026-08-27 18:38:00.577       - [8] ...in directory: D:\script_ossigeno
2026-08-27 18:38:00.585       - [8] Process started, waiting at most 86400 seconds
2026-08-27 18:38:01.578       - [7] Checking services
2026-08-27 18:38:02.093       - [8] Job finished
2026-08-27 18:38:02.579       - [5] Checking services
2026-08-27 18:38:03.592       - [4] Checking services
2026-08-27 18:38:04.607       - [3] Checking services
2026-08-27 18:38:05.618       - [7] Checking services
2026-08-27 18:38:06.632       - [5] Checking services
2026-08-27 18:38:07.645       [4] Definition file change detected
2026-08-27 18:38:07.646       - [4] Next job start 28/08/2026 05:30:00 for cmd /c C:\Git\git-bash.exe D:\script_ossigeno\upload_to_v2.sh
2026-08-27 18:38:07.646       - [4] Next job start 28/08/2026 06:00:00 for cmd /c C:\Git\git-bash.exe D:\script_ossigeno\upload_to_v1.sh
2026-08-27 18:38:07.647       - [4] Next job start 27/08/2026 18:39:00 for cmd /c C:\Git\git-bash.exe D:\script_ossigeno\messager.sh
2026-08-27 18:38:07.647       [4] Config: Run missed jobs on startup = False
2026-08-27 18:38:07.648       [4] Config: Check services every       = 0 seconds (constantly)
2026-08-27 18:38:07.648       [4] Config: Terminate cron jobs after  = 86400 seconds
2026-08-27 18:38:07.648       [4] Found new CronJob: cmd /c C:\Git\git-bash.exe D:\script_ossigeno\upload_to_v2.sh
2026-08-27 18:38:07.648       [4] Found new CronJob: cmd /c C:\Git\git-bash.exe D:\script_ossigeno\upload_to_v1.sh
2026-08-27 18:38:07.648       [4] All jobs reloaded
2026-08-27 18:38:07.648       - [4] Checking services
2026-08-27 18:38:08.660       - [7] Checking services
2026-08-27 18:38:09.676       - [5] Checking services
2026-08-27 18:38:10.691       - [3] Checking services
2026-08-27 18:38:11.704       - [4] Checking services
2026-08-27 18:38:12.706       - [7] Checking services
2026-08-27 18:38:13.707       - [5] Checking services
2026-08-27 18:38:14.722       - [3] Checking services
2026-08-27 18:38:15.734       - [4] Checking services
2026-08-27 18:38:16.749       - [7] Checking services
2026-08-27 18:38:17.764       - [5] Checking services
2026-08-27 18:38:18.780       - [3] Checking services
2026-08-27 18:38:19.795       - [4] Checking services
2026-08-27 18:38:20.806       - [7] Checking services
2026-08-27 18:38:21.818       - [5] Checking services
2026-08-27 18:38:22.820       - [3] Checking services
2026-08-27 18:38:23.835       - [4] Checking services
2026-08-27 18:38:24.845       - [7] Checking services
2026-08-27 18:38:25.859       - [5] Checking services
2026-08-27 18:38:26.862       - [4] Checking services
2026-08-27 18:38:27.875       - [7] Checking services
2026-08-27 18:38:28.889       - [5] Checking services
2026-08-27 18:38:29.903       - [3] Checking services
2026-08-27 18:38:30.917       - [4] Checking services
2026-08-27 18:38:31.920       - [7] Checking services
2026-08-27 18:38:32.933       - [5] Checking services
2026-08-27 18:38:33.948       - [3] Checking services
2026-08-27 18:38:34.959       - [4] Checking services
2026-08-27 18:38:35.960       - [7] Checking services
2026-08-27 18:38:36.961       - [5] Checking services
2026-08-27 18:38:37.974       - [4] Checking services
2026-08-27 18:38:38.988       - [7] Checking services
2026-08-27 18:38:40.002       [5] Definition file change detected
2026-08-27 18:38:40.002       - [5] Next job start 28/08/2026 05:30:00 for cmd /c C:\Git\git-bash.exe D:\script_ossigeno\upload_to_v2.sh
2026-08-27 18:38:40.003       - [5] Next job start 28/08/2026 06:00:00 for cmd /c C:\Git\git-bash.exe D:\script_ossigeno\upload_to_v1.sh
2026-08-27 18:38:40.003       - [5] Next job start 27/08/2026 18:39:00 for cmd /c C:\Git\git-bash.exe D:\script_ossigeno\messager.sh
2026-08-27 18:38:40.003       - [5] Next job start 27/08/2026 18:39:00 for cmd /c C:\Git\git-bash.exe D:\script_ossigeno\upload_to_v2.sh
2026-08-27 18:38:40.003       [5] Config: Run missed jobs on startup = False
2026-08-27 18:38:40.003       [5] Config: Check services every       = 0 seconds (constantly)
2026-08-27 18:38:40.003       [5] Config: Terminate cron jobs after  = 86400 seconds
2026-08-27 18:38:40.004       [5] Found new CronJob: cmd /c C:\Git\git-bash.exe D:\script_ossigeno\upload_to_v2.sh
2026-08-27 18:38:40.004       [5] All jobs reloaded
2026-08-27 18:38:40.004       - [5] Checking services
2026-08-27 18:38:41.017       - [4] Checking services
2026-08-27 18:38:42.020       - [7] Checking services
2026-08-27 18:38:43.033       - [3] Checking services
2026-08-27 18:38:44.034       - [5] Checking services
2026-08-27 18:38:45.048       - [4] Checking services
2026-08-27 18:38:46.054       - [7] Checking services
2026-08-27 18:38:47.056       - [3] Checking services
2026-08-27 18:38:48.056       - [5] Checking services
2026-08-27 18:38:49.061       - [4] Checking services
2026-08-27 18:38:50.061       - [7] Checking services
2026-08-27 18:38:51.075       - [3] Checking services
2026-08-27 18:38:52.078       - [5] Checking services
2026-08-27 18:38:53.092       - [4] Checking services
2026-08-27 18:38:54.097       - [7] Checking services
2026-08-27 18:38:55.098       - [3] Checking services
2026-08-27 18:38:56.110       - [5] Checking services
2026-08-27 18:38:57.125       - [4] Checking services
2026-08-27 18:38:58.127       - [3] Checking services
2026-08-27 18:38:59.128       - [5] Checking services
2026-08-27 18:39:00.143       - [4] Next job start 27/08/2026 18:40:00 for cmd /c C:\Git\git-bash.exe D:\script_ossigeno\upload_to_v2.sh
2026-08-27 18:39:00.144       - [4] Checking services
2026-08-27 18:39:00.144       [8] Starting job: cmd /c C:\Git\git-bash.exe D:\script_ossigeno\upload_to_v2.sh
2026-08-27 18:39:00.144       - [8] Executing: C:\Windows\SYSTEM32\cmd.exe
2026-08-27 18:39:00.144       - [8] ...parameters: /c C:\Git\git-bash.exe D:\script_ossigeno\upload_to_v2.sh
2026-08-27 18:39:00.144       - [8] ...in directory: D:\script_ossigeno
2026-08-27 18:39:00.171       - [8] Process started, waiting at most 86400 seconds
2026-08-27 18:39:01.154       - [5] Next job start 27/08/2026 18:40:00 for cmd /c C:\Git\git-bash.exe D:\script_ossigeno\messager.sh
2026-08-27 18:39:01.156       [9] Starting job: cmd /c C:\Git\git-bash.exe D:\script_ossigeno\messager.sh
2026-08-27 18:39:01.157       - [9] Executing: C:\Windows\SYSTEM32\cmd.exe
2026-08-27 18:39:01.157       - [9] ...parameters: /c C:\Git\git-bash.exe D:\script_ossigeno\messager.sh
2026-08-27 18:39:01.157       - [9] ...in directory: D:\script_ossigeno
2026-08-27 18:39:01.156       - [5] Checking services
2026-08-27 18:39:01.162       - [9] Process started, waiting at most 86400 seconds
2026-08-27 18:39:02.155       - [3] Checking services
2026-08-27 18:39:02.671       - [9] Job finished
2026-08-27 18:39:03.172       - [5] Checking services
2026-08-27 18:39:03.360       - [8] Job finished
2026-08-27 18:39:04.177       - [3] Checking services
2026-08-27 18:39:05.188       - [4] Checking services
2026-08-27 18:39:06.203       - [7] Checking services
2026-08-27 18:39:07.218       - [5] Checking services
2026-08-27 18:39:08.231       - [3] Checking services
2026-08-27 18:39:09.233       - [4] Checking services
2026-08-27 18:39:10.248       - [7] Checking services
2026-08-27 18:39:11.262       - [5] Checking services
2026-08-27 18:39:12.264       - [3] Checking services
2026-08-27 18:39:13.279       - [4] Checking services
2026-08-27 18:39:14.281       - [7] Checking services
2026-08-27 18:39:15.283       - [5] Checking services
2026-08-27 18:39:16.296       - [3] Checking services
2026-08-27 18:39:17.297       - [4] Checking services
2026-08-27 18:39:18.309       - [7] Checking services
2026-08-27 18:39:19.325       - [5] Checking services
2026-08-27 18:39:20.328       - [3] Checking services
2026-08-27 18:39:21.341       - [4] Checking services
2026-08-27 18:39:22.354       - [7] Checking services
2026-08-27 18:39:23.366       - [5] Checking services
2026-08-27 18:39:24.379       - [3] Checking services
2026-08-27 18:39:25.381       - [4] Checking services
2026-08-27 18:39:26.396       - [7] Checking services
2026-08-27 18:39:27.407       - [5] Checking services
2026-08-27 18:39:28.420       - [3] Checking services
2026-08-27 18:39:29.435       - [4] Checking services
2026-08-27 18:39:30.451       - [7] Checking services
2026-08-27 18:39:31.451       - [5] Checking services
2026-08-27 18:39:32.452       - [3] Checking services
2026-08-27 18:39:33.467       - [4] Checking services
2026-08-27 18:39:34.480       - [7] Checking services
2026-08-27 18:39:35.493       - [5] Checking services
2026-08-27 18:39:36.506       [3] Definition file change detected
2026-08-27 18:39:36.507       - [3] Next job start 28/08/2026 05:30:00 for cmd /c C:\Git\git-bash.exe D:\script_ossigeno\upload_to_v2.sh
2026-08-27 18:39:36.508       - [3] Next job start 28/08/2026 06:00:00 for cmd /c C:\Git\git-bash.exe D:\script_ossigeno\upload_to_v1.sh
2026-08-27 18:39:36.509       - [3] Next job start 27/08/2026 18:40:00 for cmd /c C:\Git\git-bash.exe D:\script_ossigeno\messager.sh
2026-08-27 18:39:36.510       - [3] Next job start 27/08/2026 18:40:00 for cmd /c C:\Git\git-bash.exe D:\script_ossigeno\upload_to_v2.sh
2026-08-27 18:39:36.511       - [3] Next job start 27/08/2026 18:40:00 for cmd /c C:\Git\git-bash.exe D:\script_ossigeno\upload_to_v1.sh
2026-08-27 18:39:36.511       [3] Config: Run missed jobs on startup = False
2026-08-27 18:39:36.511       [3] Config: Check services every       = 0 seconds (constantly)
2026-08-27 18:39:36.511       [3] Config: Terminate cron jobs after  = 86400 seconds
2026-08-27 18:39:36.512       [3] Found new CronJob: cmd /c C:\Git\git-bash.exe D:\script_ossigeno\upload_to_v1.sh
2026-08-27 18:39:36.513       [3] All jobs reloaded
2026-08-27 18:39:36.513       - [3] Checking services
2026-08-27 18:39:37.507       - [7] Checking services
2026-08-27 18:39:38.521       - [5] Checking services
2026-08-27 18:39:39.524       - [4] Checking services
2026-08-27 18:39:40.525       - [3] Checking services
2026-08-27 18:39:41.525       - [7] Checking services
2026-08-27 18:39:42.536       - [5] Checking services
2026-08-27 18:39:43.538       - [4] Checking services
2026-08-27 18:39:44.551       - [3] Checking services
2026-08-27 18:39:45.553       - [7] Checking services
2026-08-27 18:39:46.568       - [5] Checking services
2026-08-27 18:39:47.581       - [4] Checking services
2026-08-27 18:39:48.583       - [3] Checking services
2026-08-27 18:39:49.592       - [7] Checking services
2026-08-27 18:39:50.607       - [5] Checking services
2026-08-27 18:39:51.612       - [4] Checking services
2026-08-27 18:39:52.613       - [3] Checking services
2026-08-27 18:39:53.629       - [7] Checking services
2026-08-27 18:39:54.642       - [5] Checking services
2026-08-27 18:39:55.656       - [4] Checking services
2026-08-27 18:39:56.672       - [3] Checking services
2026-08-27 18:39:57.686       - [7] Checking services
2026-08-27 18:39:58.700       - [5] Checking services
2026-08-27 18:39:59.700       - [4] Checking services
2026-08-27 18:40:00.713       - [3] Next job start 27/08/2026 18:41:00 for cmd /c C:\Git\git-bash.exe D:\script_ossigeno\messager.sh
2026-08-27 18:40:00.713       - [3] Next job start 27/08/2026 18:41:00 for cmd /c C:\Git\git-bash.exe D:\script_ossigeno\upload_to_v2.sh
2026-08-27 18:40:00.713       [9] Starting job: cmd /c C:\Git\git-bash.exe D:\script_ossigeno\messager.sh
2026-08-27 18:40:00.713       - [9] Executing: C:\Windows\SYSTEM32\cmd.exe
2026-08-27 18:40:00.713       - [9] ...parameters: /c C:\Git\git-bash.exe D:\script_ossigeno\messager.sh
2026-08-27 18:40:00.713       - [9] ...in directory: D:\script_ossigeno
2026-08-27 18:40:00.713       - [3] Next job start 27/08/2026 18:41:00 for cmd /c C:\Git\git-bash.exe D:\script_ossigeno\upload_to_v1.sh
2026-08-27 18:40:00.713       [10] Starting job: cmd /c C:\Git\git-bash.exe D:\script_ossigeno\upload_to_v2.sh
2026-08-27 18:40:00.713       - [10] Executing: C:\Windows\SYSTEM32\cmd.exe
2026-08-27 18:40:00.713       - [10] ...parameters: /c C:\Git\git-bash.exe D:\script_ossigeno\upload_to_v2.sh
2026-08-27 18:40:00.713       - [10] ...in directory: D:\script_ossigeno
2026-08-27 18:40:00.714       - [3] Checking services
2026-08-27 18:40:00.714       [11] Starting job: cmd /c C:\Git\git-bash.exe D:\script_ossigeno\upload_to_v1.sh
2026-08-27 18:40:00.714       - [11] Executing: C:\Windows\SYSTEM32\cmd.exe
2026-08-27 18:40:00.714       - [11] ...parameters: /c C:\Git\git-bash.exe D:\script_ossigeno\upload_to_v1.sh
2026-08-27 18:40:00.714       - [11] ...in directory: D:\script_ossigeno
2026-08-27 18:40:00.719       - [9] Process started, waiting at most 86400 seconds
2026-08-27 18:40:00.722       - [10] Process started, waiting at most 86400 seconds
2026-08-27 18:40:00.732       - [11] Process started, waiting at most 86400 seconds
2026-08-27 18:40:01.724       - [3] Checking services
2026-08-27 18:40:02.331       - [9] Job finished
2026-08-27 18:40:02.502       - [10] Job finished
2026-08-27 18:40:02.737       - [5] Checking services
2026-08-27 18:40:03.748       - [7] Checking services
2026-08-27 18:40:04.764       - [3] Checking services
2026-08-27 18:40:05.765       - [5] Checking services
2026-08-27 18:40:06.779       - [7] Checking services
2026-08-27 18:40:07.785       - [3] Checking services
2026-08-27 18:40:08.796       - [5] Checking services
2026-08-27 18:40:09.811       - [7] Checking services
2026-08-27 18:40:10.825       - [5] Checking services
2026-08-27 18:40:11.834       - [7] Checking services
2026-08-27 18:40:12.848       - [3] Checking services
2026-08-27 18:40:13.860       - [5] Checking services
2026-08-27 18:40:14.870       - [7] Checking services
2026-08-27 18:40:15.884       - [3] Checking services
2026-08-27 18:40:16.895       - [5] Checking services
2026-08-27 18:40:17.909       - [3] Checking services
2026-08-27 18:40:18.909       - [11] Job finished
2026-08-27 18:40:18.925       - [5] Checking services
2026-08-27 18:40:19.927       - [4] Checking services
2026-08-27 18:40:20.943       - [7] Checking services
2026-08-27 18:40:21.957       - [3] Checking services
2026-08-27 18:40:22.961       - [5] Checking services
2026-08-27 18:40:23.970       - [4] Checking services
2026-08-27 18:40:24.986       - [7] Checking services
2026-08-27 18:40:26.000       - [3] Checking services
2026-08-27 18:40:27.012       - [4] Checking services
2026-08-27 18:40:28.028       - [7] Checking services
2026-08-27 18:40:29.043       - [3] Checking services
2026-08-27 18:40:30.054       - [5] Checking services
2026-08-27 18:40:31.067       - [4] Checking services
2026-08-27 18:40:32.080       - [7] Checking services
2026-08-27 18:40:33.081       - [3] Checking services
2026-08-27 18:40:34.085       - [5] Checking services
2026-08-27 18:40:35.093       - [4] Checking services
2026-08-27 18:40:36.105       - [7] Checking services
2026-08-27 18:40:37.120       - [3] Checking services
2026-08-27 18:40:38.134       - [5] Checking services
2026-08-27 18:40:39.146       - [4] Checking services
2026-08-27 18:40:40.160       - [7] Checking services
2026-08-27 18:40:41.174       - [3] Checking services
2026-08-27 18:40:42.180       - [5] Checking services
2026-08-27 18:40:43.192       - [4] Checking services
2026-08-27 18:40:44.207       - [7] Checking services
2026-08-27 18:40:45.223       - [3] Checking services
2026-08-27 18:40:46.238       - [5] Checking services
2026-08-27 18:40:47.250       - [4] Checking services
2026-08-27 18:40:48.264       - [7] Checking services
2026-08-27 18:40:49.266       - [3] Checking services
2026-08-27 18:40:50.279       - [4] Checking services
2026-08-27 18:40:51.294       - [7] Checking services
2026-08-27 18:40:52.295       - [3] Checking services
2026-08-27 18:40:53.307       - [5] Checking services
2026-08-27 18:40:54.322       - [4] Checking services
2026-08-27 18:40:55.336       - [7] Checking services
2026-08-27 18:40:56.352       - [3] Checking services
2026-08-27 18:40:57.353       - [5] Checking services
2026-08-27 18:40:58.362       - [4] Checking services
2026-08-27 18:40:59.375       - [7] Checking services
2026-08-27 18:41:00.388       - [3] Checking services
2026-08-27 18:41:01.397       - [5] Next job start 27/08/2026 18:42:00 for cmd /c C:\Git\git-bash.exe D:\script_ossigeno\messager.sh
2026-08-27 18:41:01.397       - [5] Next job start 27/08/2026 18:42:00 for cmd /c C:\Git\git-bash.exe D:\script_ossigeno\upload_to_v2.sh
2026-08-27 18:41:01.397       [12] Starting job: cmd /c C:\Git\git-bash.exe D:\script_ossigeno\messager.sh
2026-08-27 18:41:01.398       [13] Starting job: cmd /c C:\Git\git-bash.exe D:\script_ossigeno\upload_to_v2.sh
2026-08-27 18:41:01.398       - [5] Next job start 27/08/2026 18:42:00 for cmd /c C:\Git\git-bash.exe D:\script_ossigeno\upload_to_v1.sh
2026-08-27 18:41:01.398       - [13] Executing: C:\Windows\SYSTEM32\cmd.exe
2026-08-27 18:41:01.398       - [13] ...parameters: /c C:\Git\git-bash.exe D:\script_ossigeno\upload_to_v2.sh
2026-08-27 18:41:01.398       - [13] ...in directory: D:\script_ossigeno
2026-08-27 18:41:01.398       - [12] Executing: C:\Windows\SYSTEM32\cmd.exe
2026-08-27 18:41:01.398       - [12] ...parameters: /c C:\Git\git-bash.exe D:\script_ossigeno\messager.sh
2026-08-27 18:41:01.398       - [12] ...in directory: D:\script_ossigeno
2026-08-27 18:41:01.399       - [5] Checking services
2026-08-27 18:41:01.399       [14] Starting job: cmd /c C:\Git\git-bash.exe D:\script_ossigeno\upload_to_v1.sh
2026-08-27 18:41:01.399       - [14] Executing: C:\Windows\SYSTEM32\cmd.exe
2026-08-27 18:41:01.399       - [14] ...parameters: /c C:\Git\git-bash.exe D:\script_ossigeno\upload_to_v1.sh
2026-08-27 18:41:01.399       - [14] ...in directory: D:\script_ossigeno
2026-08-27 18:41:01.401       - [13] Process started, waiting at most 86400 seconds
2026-08-27 18:41:01.403       - [12] Process started, waiting at most 86400 seconds
2026-08-27 18:41:01.408       - [14] Process started, waiting at most 86400 seconds
2026-08-27 18:41:02.400       - [5] Checking services
2026-08-27 18:41:03.087       - [12] Job finished
2026-08-27 18:41:03.290       - [13] Job finished
2026-08-27 18:41:03.416       - [7] Checking services
2026-08-27 18:41:03.819       - [14] Job finished
2026-08-27 18:41:04.430       - [5] Checking services
2026-08-27 18:41:05.442       - [3] Checking services
2026-08-27 18:41:06.454       - [4] Checking services
2026-08-27 18:41:07.458       - [7] Checking services
2026-08-27 18:41:08.467       - [5] Checking services
2026-08-27 18:41:09.483       - [3] Checking services
2026-08-27 18:41:10.490       - [4] Checking services
2026-08-27 18:41:11.494       - [7] Checking services
2026-08-27 18:41:12.495       - [5] Checking services
2026-08-27 18:41:13.510       - [3] Checking services
2026-08-27 18:41:14.523       - [4] Checking services
2026-08-27 18:41:15.524       - [7] Checking services
2026-08-27 18:41:16.535       - [5] Checking services
2026-08-27 18:41:17.543       - [3] Checking services
2026-08-27 18:41:18.545       - [4] Checking services
2026-08-27 18:41:19.560       - [7] Checking services
2026-08-27 18:41:20.575       - [5] Checking services
2026-08-27 18:41:21.576       - [3] Checking services
2026-08-27 18:41:22.592       - [4] Checking services
2026-08-27 18:41:23.605       - [7] Checking services
2026-08-27 18:41:24.618       - [5] Checking services
2026-08-27 18:41:25.621       - [3] Checking services
2026-08-27 18:41:26.634       - [4] Checking services
2026-08-27 18:41:27.636       - [7] Checking services
2026-08-27 18:41:28.652       - [5] Checking services
2026-08-27 18:41:29.662       - [3] Checking services
2026-08-27 18:41:30.662       - [4] Checking services
2026-08-27 18:41:31.670       - [7] Checking services
2026-08-27 18:41:32.682       - [5] Checking services
2026-08-27 18:41:33.693       - [3] Checking services
2026-08-27 18:41:34.706       - [4] Checking services
2026-08-27 18:41:35.706       - [7] Checking services
2026-08-27 18:41:36.717       - [5] Checking services
2026-08-27 18:41:37.731       - [3] Checking services
2026-08-27 18:41:38.744       - [4] Checking services
2026-08-27 18:41:39.753       - [7] Checking services
2026-08-27 18:41:40.754       - [5] Checking services
2026-08-27 18:41:41.756       - [3] Checking services
2026-08-27 18:41:42.769       - [4] Checking services
2026-08-27 18:41:43.769       - [5] Checking services
2026-08-27 18:41:44.781       - [3] Checking services
2026-08-27 18:41:45.792       - [7] Checking services
2026-08-27 18:41:46.796       - [5] Checking services
2026-08-27 18:41:47.807       - [3] Checking services
2026-08-27 18:41:48.821       - [4] Checking services
2026-08-27 18:41:49.822       - [7] Checking services
2026-08-27 18:41:50.835       - [5] Checking services
2026-08-27 18:41:51.848       - [3] Checking services
2026-08-27 18:41:52.852       - [4] Checking services
2026-08-27 18:41:53.863       [7] Definition file change detected
2026-08-27 18:41:53.864       - [7] Next job start 28/08/2026 05:30:00 for cmd /c C:\Git\git-bash.exe D:\script_ossigeno\upload_to_v2.sh
2026-08-27 18:41:53.865       - [7] Next job start 28/08/2026 06:00:00 for cmd /c C:\Git\git-bash.exe D:\script_ossigeno\upload_to_v1.sh
2026-08-27 18:41:53.865       - [7] Next job start 27/08/2026 18:42:00 for cmd /c C:\Git\git-bash.exe D:\script_ossigeno\messager.sh
2026-08-27 18:41:53.867       - [7] Next job start 27/08/2026 18:42:00 for cmd /c C:\Git\git-bash.exe D:\script_ossigeno\upload_to_v2.sh
2026-08-27 18:41:53.867       - [7] Next job start 27/08/2026 18:42:00 for cmd /c C:\Git\git-bash.exe D:\script_ossigeno\upload_to_v1.sh
2026-08-27 18:41:53.868       [7] Config: Run missed jobs on startup = False
2026-08-27 18:41:53.868       [7] Config: Check services every       = 0 seconds (constantly)
2026-08-27 18:41:53.868       [7] Config: Terminate cron jobs after  = 86400 seconds
2026-08-27 18:41:53.869       [7] All jobs reloaded
2026-08-27 18:41:53.869       - [7] Checking services
2026-08-27 18:41:54.867       - [3] Checking services
2026-08-27 18:41:55.880       - [4] Checking services
2026-08-27 18:41:56.891       - [5] Checking services
2026-08-27 18:41:57.906       - [3] Checking services
2026-08-27 18:41:58.919       - [4] Checking services
2026-08-27 18:41:59.935       - [5] Checking services
2026-08-27 18:42:00.946       - [7] Next job start 27/08/2026 18:43:00 for cmd /c C:\Git\git-bash.exe D:\script_ossigeno\messager.sh
2026-08-27 18:42:00.946       - [7] Next job start 27/08/2026 18:43:00 for cmd /c C:\Git\git-bash.exe D:\script_ossigeno\upload_to_v2.sh
2026-08-27 18:42:00.947       [13] Starting job: cmd /c C:\Git\git-bash.exe D:\script_ossigeno\messager.sh
2026-08-27 18:42:00.947       - [13] Executing: C:\Windows\SYSTEM32\cmd.exe
2026-08-27 18:42:00.947       - [7] Next job start 27/08/2026 18:43:00 for cmd /c C:\Git\git-bash.exe D:\script_ossigeno\upload_to_v1.sh
2026-08-27 18:42:00.947       - [13] ...parameters: /c C:\Git\git-bash.exe D:\script_ossigeno\messager.sh
2026-08-27 18:42:00.947       - [13] ...in directory: D:\script_ossigeno
2026-08-27 18:42:00.947       [12] Starting job: cmd /c C:\Git\git-bash.exe D:\script_ossigeno\upload_to_v2.sh
2026-08-27 18:42:00.947       - [12] Executing: C:\Windows\SYSTEM32\cmd.exe
2026-08-27 18:42:00.947       - [12] ...parameters: /c C:\Git\git-bash.exe D:\script_ossigeno\upload_to_v2.sh
2026-08-27 18:42:00.947       - [12] ...in directory: D:\script_ossigeno
2026-08-27 18:42:00.947       - [7] Checking services
2026-08-27 18:42:00.948       [14] Starting job: cmd /c C:\Git\git-bash.exe D:\script_ossigeno\upload_to_v1.sh
2026-08-27 18:42:00.948       - [14] Executing: C:\Windows\SYSTEM32\cmd.exe
2026-08-27 18:42:00.948       - [14] ...parameters: /c C:\Git\git-bash.exe D:\script_ossigeno\upload_to_v1.sh
2026-08-27 18:42:00.948       - [14] ...in directory: D:\script_ossigeno
2026-08-27 18:42:00.955       - [13] Process started, waiting at most 86400 seconds
2026-08-27 18:42:00.960       - [14] Process started, waiting at most 86400 seconds
2026-08-27 18:42:00.975       - [12] Process started, waiting at most 86400 seconds
2026-08-27 18:42:01.946       - [4] Checking services
2026-08-27 18:42:02.690       - [13] Job finished
2026-08-27 18:42:02.877       - [12] Job finished
2026-08-27 18:42:02.954       - [3] Checking services
2026-08-27 18:42:03.423       - [14] Job finished
2026-08-27 18:42:03.968       - [4] Checking services
2026-08-27 18:42:04.983       - [5] Checking services
2026-08-27 18:42:05.998       - [7] Checking services
2026-08-27 18:42:07.011       - [3] Checking services
2026-08-27 18:42:08.023       - [4] Checking services
2026-08-27 18:42:09.025       - [5] Checking services
2026-08-27 18:42:10.031       - [7] Checking services
2026-08-27 18:42:11.044       - [3] Checking services
2026-08-27 18:42:12.046       - [4] Checking services
2026-08-27 18:42:13.061       - [5] Checking services
2026-08-27 18:42:14.063       - [7] Checking services
2026-08-27 18:42:15.077       - [3] Checking services
2026-08-27 18:42:16.093       - [4] Checking services
2026-08-27 18:42:17.108       - [5] Checking services
2026-08-27 18:42:18.125       - [7] Checking services
2026-08-27 18:42:19.126       - [3] Checking services
2026-08-27 18:42:20.140       - [4] Checking services
2026-08-27 18:42:21.147       - [5] Checking services
2026-08-27 18:42:22.163       - [7] Checking services
2026-08-27 18:42:23.164       - [3] Checking services
2026-08-27 18:42:24.166       - [4] Checking services
2026-08-27 18:42:25.180       - [5] Checking services
2026-08-27 18:42:26.188       - [7] Checking services
2026-08-27 18:42:27.203       - [3] Checking services
2026-08-27 18:42:28.205       - [4] Checking services
2026-08-27 18:42:29.214       - [5] Checking services
2026-08-27 18:42:30.227       - [7] Checking services
2026-08-27 18:42:31.239       - [3] Checking services
2026-08-27 18:42:32.252       - [4] Checking services
2026-08-27 18:42:33.261       - [5] Checking services
2026-08-27 18:42:34.265       - [7] Checking services
2026-08-27 18:42:35.279       - [3] Checking services
2026-08-27 18:42:36.292       - [4] Checking services
2026-08-27 18:42:37.304       - [5] Checking services
2026-08-27 18:42:38.306       - [7] Checking services
2026-08-27 18:42:39.317       - [3] Checking services
2026-08-27 18:42:40.332       - [4] Checking services
2026-08-27 18:42:41.347       - [5] Checking services
2026-08-27 18:42:42.360       - [7] Checking services
2026-08-27 18:42:43.373       - [4] Checking services
2026-08-27 18:42:44.386       - [5] Checking services
2026-08-27 18:42:45.404       - [7] Checking services
2026-08-27 18:42:46.412       - [3] Checking services
2026-08-27 18:42:47.422       - [4] Checking services
2026-08-27 18:42:48.434       - [5] Checking services
2026-08-27 18:42:49.450       - [7] Checking services
2026-08-27 18:42:50.452       - [3] Checking services
2026-08-27 18:42:51.454       - [4] Checking services
2026-08-27 18:42:52.457       - [5] Checking services
2026-08-27 18:42:53.470       - [7] Checking services
2026-08-27 18:42:54.483       - [3] Checking services
2026-08-27 18:42:55.496       - [4] Checking services
2026-08-27 18:42:56.506       - [5] Checking services
2026-08-27 18:42:57.520       - [7] Checking services
2026-08-27 18:42:58.534       - [3] Checking services
2026-08-27 18:42:59.545       - [4] Checking services
2026-08-27 18:43:00.555       - [5] Checking services
2026-08-27 18:43:01.556       - [7] Next job start 27/08/2026 18:44:00 for cmd /c C:\Git\git-bash.exe D:\script_ossigeno\messager.sh
2026-08-27 18:43:01.556       - [7] Next job start 27/08/2026 18:44:00 for cmd /c C:\Git\git-bash.exe D:\script_ossigeno\upload_to_v2.sh
2026-08-27 18:43:01.557       - [7] Next job start 27/08/2026 18:44:00 for cmd /c C:\Git\git-bash.exe D:\script_ossigeno\upload_to_v1.sh
2026-08-27 18:43:01.557       [11] Starting job: cmd /c C:\Git\git-bash.exe D:\script_ossigeno\messager.sh
2026-08-27 18:43:01.557       - [11] Executing: C:\Windows\SYSTEM32\cmd.exe
2026-08-27 18:43:01.557       - [11] ...parameters: /c C:\Git\git-bash.exe D:\script_ossigeno\messager.sh
2026-08-27 18:43:01.557       - [11] ...in directory: D:\script_ossigeno
2026-08-27 18:43:01.557       [10] Starting job: cmd /c C:\Git\git-bash.exe D:\script_ossigeno\upload_to_v2.sh
2026-08-27 18:43:01.560       - [10] Executing: C:\Windows\SYSTEM32\cmd.exe
2026-08-27 18:43:01.560       - [10] ...parameters: /c C:\Git\git-bash.exe D:\script_ossigeno\upload_to_v2.sh
2026-08-27 18:43:01.560       - [10] ...in directory: D:\script_ossigeno
2026-08-27 18:43:01.561       [9] Starting job: cmd /c C:\Git\git-bash.exe D:\script_ossigeno\upload_to_v1.sh
2026-08-27 18:43:01.561       - [9] Executing: C:\Windows\SYSTEM32\cmd.exe
2026-08-27 18:43:01.561       - [9] ...parameters: /c C:\Git\git-bash.exe D:\script_ossigeno\upload_to_v1.sh
2026-08-27 18:43:01.564       - [7] Checking services
2026-08-27 18:43:01.566       - [9] ...in directory: D:\script_ossigeno
2026-08-27 18:43:01.569       - [10] Process started, waiting at most 86400 seconds
2026-08-27 18:43:01.575       - [11] Process started, waiting at most 86400 seconds
2026-08-27 18:43:01.583       - [9] Process started, waiting at most 86400 seconds
2026-08-27 18:43:02.569       - [5] Checking services
2026-08-27 18:43:03.285       - [11] Job finished
2026-08-27 18:43:03.502       - [10] Job finished
2026-08-27 18:43:03.580       - [3] Checking services
2026-08-27 18:43:04.062       - [9] Job finished
2026-08-27 18:43:04.595       - [5] Checking services
2026-08-27 18:43:05.606       - [4] Checking services
2026-08-27 18:43:06.608       - [7] Checking services
2026-08-27 18:43:07.610       - [3] Checking services
2026-08-27 18:43:08.626       - [5] Checking services
2026-08-27 18:43:09.638       - [4] Checking services
2026-08-27 18:43:10.653       - [7] Checking services
2026-08-27 18:43:11.653       - [3] Checking services
2026-08-27 18:43:12.656       - [5] Checking services
2026-08-27 18:43:13.669       - [4] Checking services
2026-08-27 18:43:14.671       - [3] Checking services
2026-08-27 18:43:15.686       - [5] Checking services
2026-08-27 18:43:16.701       - [4] Checking services
2026-08-27 18:43:17.716       - [7] Checking services
2026-08-27 18:43:18.731       - [3] Checking services
2026-08-27 18:43:19.733       - [5] Checking services
2026-08-27 18:43:20.745       - [4] Checking services
2026-08-27 18:43:21.757       - [7] Checking services
2026-08-27 18:43:22.764       - [3] Checking services
2026-08-27 18:43:23.781       - [5] Checking services
2026-08-27 18:43:24.793       - [7] Checking services
2026-08-27 18:43:25.808       - [3] Checking services
2026-08-27 18:43:26.812       - [5] Checking services
2026-08-27 18:43:27.826       - [4] Checking services
2026-08-27 18:43:28.843       - [7] Checking services
2026-08-27 18:43:29.858       - [3] Checking services
2026-08-27 18:43:30.872       - [5] Checking services
2026-08-27 18:43:31.875       - [4] Checking services
2026-08-27 18:43:32.880       - [3] Checking services
2026-08-27 18:43:33.895       - [5] Checking services
2026-08-27 18:43:34.907       - [4] Checking services
2026-08-27 18:43:35.921       - [7] Checking services
2026-08-27 18:43:36.937       - [3] Checking services
2026-08-27 18:43:37.950       - [5] Checking services
2026-08-27 18:43:38.951       - [4] Checking services
2026-08-27 18:43:39.952       - [7] Checking services
2026-08-27 18:43:40.959       - [3] Checking services
2026-08-27 18:43:41.962       - [5] Checking services
2026-08-27 18:43:42.977       - [4] Checking services
2026-08-27 18:43:43.990       - [7] Checking services
2026-08-27 18:43:44.992       - [3] Checking services
2026-08-27 18:43:46.006       - [5] Checking services
2026-08-27 18:43:47.020       - [4] Checking services
2026-08-27 18:43:48.022       - [7] Checking services
2026-08-27 18:43:49.026       - [3] Checking services
2026-08-27 18:43:50.027       - [5] Checking services
2026-08-27 18:43:51.030       - [4] Checking services
2026-08-27 18:43:52.043       - [7] Checking services
2026-08-27 18:43:53.056       - [3] Checking services
2026-08-27 18:43:54.058       - [5] Checking services
2026-08-27 18:43:55.073       - [4] Checking services
2026-08-27 18:43:56.074       - [7] Checking services
2026-08-27 18:43:57.089       - [3] Checking services
2026-08-27 18:43:58.101       - [5] Checking services
2026-08-27 18:43:59.115       - [4] Checking services
2026-08-27 18:44:00.130       - [7] Checking services
2026-08-27 18:44:01.144       - [3] Next job start 27/08/2026 18:45:00 for cmd /c C:\Git\git-bash.exe D:\script_ossigeno\messager.sh
2026-08-27 18:44:01.144       - [3] Next job start 27/08/2026 18:45:00 for cmd /c C:\Git\git-bash.exe D:\script_ossigeno\upload_to_v2.sh
2026-08-27 18:44:01.145       [9] Starting job: cmd /c C:\Git\git-bash.exe D:\script_ossigeno\messager.sh
2026-08-27 18:44:01.145       - [9] Executing: C:\Windows\SYSTEM32\cmd.exe
2026-08-27 18:44:01.145       - [9] ...parameters: /c C:\Git\git-bash.exe D:\script_ossigeno\messager.sh
2026-08-27 18:44:01.145       - [9] ...in directory: D:\script_ossigeno
2026-08-27 18:44:01.145       - [3] Next job start 27/08/2026 18:45:00 for cmd /c C:\Git\git-bash.exe D:\script_ossigeno\upload_to_v1.sh
2026-08-27 18:44:01.145       [10] Starting job: cmd /c C:\Git\git-bash.exe D:\script_ossigeno\upload_to_v2.sh
2026-08-27 18:44:01.145       - [10] Executing: C:\Windows\SYSTEM32\cmd.exe
2026-08-27 18:44:01.145       - [10] ...parameters: /c C:\Git\git-bash.exe D:\script_ossigeno\upload_to_v2.sh
2026-08-27 18:44:01.145       - [10] ...in directory: D:\script_ossigeno
2026-08-27 18:44:01.146       - [3] Checking services
2026-08-27 18:44:01.146       [11] Starting job: cmd /c C:\Git\git-bash.exe D:\script_ossigeno\upload_to_v1.sh
2026-08-27 18:44:01.146       - [11] Executing: C:\Windows\SYSTEM32\cmd.exe
2026-08-27 18:44:01.146       - [11] ...parameters: /c C:\Git\git-bash.exe D:\script_ossigeno\upload_to_v1.sh
2026-08-27 18:44:01.146       - [11] ...in directory: D:\script_ossigeno
2026-08-27 18:44:01.152       - [9] Process started, waiting at most 86400 seconds
2026-08-27 18:44:01.162       - [10] Process started, waiting at most 86400 seconds
2026-08-27 18:44:01.166       - [11] Process started, waiting at most 86400 seconds
2026-08-27 18:44:02.144       - [5] Checking services
2026-08-27 18:44:02.864       - [9] Job finished
2026-08-27 18:44:03.050       - [10] Job finished
2026-08-27 18:44:03.158       - [4] Checking services
2026-08-27 18:44:03.548       - [11] Job finished
2026-08-27 18:44:04.158       - [5] Checking services
2026-08-27 18:44:05.173       - [7] Checking services
2026-08-27 18:44:06.186       - [3] Checking services
2026-08-27 18:44:07.198       - [4] Checking services
2026-08-27 18:44:08.201       - [5] Checking services
2026-08-27 18:44:09.204       - [7] Checking services
2026-08-27 18:44:10.205       - [3] Checking services
2026-08-27 18:44:11.214       - [4] Checking services
2026-08-27 18:44:12.222       - [5] Checking services
2026-08-27 18:44:13.236       - [7] Checking services
2026-08-27 18:44:14.239       - [3] Checking services
2026-08-27 18:44:15.253       - [4] Checking services
2026-08-27 18:44:16.255       - [5] Checking services
2026-08-27 18:44:17.267       - [7] Checking services
2026-08-27 18:44:18.282       - [3] Checking services
2026-08-27 18:44:19.286       - [4] Checking services
2026-08-27 18:44:20.299       - [5] Checking services
2026-08-27 18:44:21.300       - [7] Checking services
2026-08-27 18:44:22.313       - [3] Checking services
2026-08-27 18:44:23.326       - [4] Checking services
2026-08-27 18:44:24.327       - [5] Checking services
2026-08-27 18:44:25.342       - [7] Checking services
2026-08-27 18:44:26.357       - [3] Checking services
2026-08-27 18:44:27.374       - [4] Checking services
2026-08-27 18:44:28.389       - [5] Checking services
2026-08-27 18:44:29.390       - [7] Checking services
2026-08-27 18:44:30.405       - [3] Checking services
2026-08-27 18:44:31.417       - [4] Checking services
2026-08-27 18:44:32.433       - [5] Checking services
2026-08-27 18:44:33.434       - [7] Checking services
2026-08-27 18:44:34.449       - [3] Checking services
2026-08-27 18:44:35.450       - [4] Checking services
2026-08-27 18:44:36.450       - [5] Checking services
2026-08-27 18:44:37.464       - [7] Checking services
2026-08-27 18:44:38.477       - [3] Checking services
2026-08-27 18:44:39.490       - [4] Checking services
2026-08-27 18:44:40.502       - [5] Checking services
2026-08-27 18:44:41.517       - [7] Checking services
2026-08-27 18:44:42.532       - [3] Checking services
2026-08-27 18:44:43.548       - [4] Checking services
2026-08-27 18:44:44.560       - [5] Checking services
2026-08-27 18:44:45.562       - [7] Checking services
2026-08-27 18:44:46.576       - [3] Checking services
2026-08-27 18:44:47.587       - [4] Checking services
2026-08-27 18:44:48.600       - [7] Checking services
2026-08-27 18:44:49.610       - [3] Checking services
2026-08-27 18:44:50.612       - [4] Checking services
2026-08-27 18:44:51.613       - [5] Checking services
2026-08-27 18:44:52.627       - [7] Checking services
2026-08-27 18:44:53.642       - [3] Checking services
2026-08-27 18:44:54.657       - [4] Checking services
2026-08-27 18:44:55.666       - [5] Checking services
2026-08-27 18:44:56.679       - [7] Checking services
2026-08-27 18:44:57.693       - [3] Checking services
2026-08-27 18:44:58.709       - [4] Checking services
2026-08-27 18:44:59.723       - [5] Checking services
2026-08-27 18:45:00.734       - [7] Next job start 27/08/2026 18:46:00 for cmd /c C:\Git\git-bash.exe D:\script_ossigeno\messager.sh
2026-08-27 18:45:00.734       - [7] Next job start 27/08/2026 18:46:00 for cmd /c C:\Git\git-bash.exe D:\script_ossigeno\upload_to_v2.sh
2026-08-27 18:45:00.734       - [7] Next job start 27/08/2026 18:46:00 for cmd /c C:\Git\git-bash.exe D:\script_ossigeno\upload_to_v1.sh
2026-08-27 18:45:00.734       [11] Starting job: cmd /c C:\Git\git-bash.exe D:\script_ossigeno\messager.sh
2026-08-27 18:45:00.734       - [11] Executing: C:\Windows\SYSTEM32\cmd.exe
2026-08-27 18:45:00.734       - [11] ...parameters: /c C:\Git\git-bash.exe D:\script_ossigeno\messager.sh
2026-08-27 18:45:00.734       - [11] ...in directory: D:\script_ossigeno
2026-08-27 18:45:00.735       [10] Starting job: cmd /c C:\Git\git-bash.exe D:\script_ossigeno\upload_to_v2.sh
2026-08-27 18:45:00.735       - [10] Executing: C:\Windows\SYSTEM32\cmd.exe
2026-08-27 18:45:00.735       - [10] ...parameters: /c C:\Git\git-bash.exe D:\script_ossigeno\upload_to_v2.sh
2026-08-27 18:45:00.735       - [10] ...in directory: D:\script_ossigeno
2026-08-27 18:45:00.735       - [7] Checking services
2026-08-27 18:45:00.736       [9] Starting job: cmd /c C:\Git\git-bash.exe D:\script_ossigeno\upload_to_v1.sh
2026-08-27 18:45:00.736       - [9] Executing: C:\Windows\SYSTEM32\cmd.exe
2026-08-27 18:45:00.736       - [9] ...parameters: /c C:\Git\git-bash.exe D:\script_ossigeno\upload_to_v1.sh
2026-08-27 18:45:00.736       - [9] ...in directory: D:\script_ossigeno
2026-08-27 18:45:00.741       - [11] Process started, waiting at most 86400 seconds
2026-08-27 18:45:00.751       - [10] Process started, waiting at most 86400 seconds
2026-08-27 18:45:00.758       - [9] Process started, waiting at most 86400 seconds
2026-08-27 18:45:01.749       - [7] Checking services
2026-08-27 18:45:02.436       - [11] Job finished
2026-08-27 18:45:02.703       - [10] Job finished
2026-08-27 18:45:02.750       - [4] Checking services
2026-08-27 18:45:03.139       - [9] Job finished
2026-08-27 18:45:03.752       - [7] Checking services
2026-08-27 18:45:04.763       - [5] Checking services
2026-08-27 18:45:05.766       - [3] Checking services
2026-08-27 18:45:06.776       - [4] Checking services
2026-08-27 18:45:07.785       - [7] Checking services
2026-08-27 18:45:08.801       - [5] Checking services
2026-08-27 18:45:09.816       - [3] Checking services
2026-08-27 18:45:10.817       - [4] Checking services
2026-08-27 18:45:11.829       - [7] Checking services
2026-08-27 18:45:12.842       - [5] Checking services
2026-08-27 18:45:13.857       - [3] Checking services
2026-08-27 18:45:14.869       - [4] Checking services
2026-08-27 18:45:15.873       - [7] Checking services
2026-08-27 18:45:16.884       - [5] Checking services
2026-08-27 18:45:17.898       - [3] Checking services
2026-08-27 18:45:18.907       - [4] Checking services
2026-08-27 18:45:19.917       - [5] Checking services
2026-08-27 18:45:20.930       - [3] Checking services
2026-08-27 18:45:21.945       - [4] Checking services
2026-08-27 18:45:22.947       - [7] Checking services
2026-08-27 18:45:23.957       - [5] Checking services
2026-08-27 18:45:24.973       - [3] Checking services
2026-08-27 18:45:25.978       - [4] Checking services
2026-08-27 18:45:26.978       - [7] Checking services
2026-08-27 18:45:27.986       - [5] Checking services
2026-08-27 18:45:28.999       - [3] Checking services
2026-08-27 18:45:30.013       - [4] Checking services
2026-08-27 18:45:31.029       - [7] Checking services
2026-08-27 18:45:32.044       - [5] Checking services
2026-08-27 18:45:33.058       - [3] Checking services
2026-08-27 18:45:34.061       - [4] Checking services
2026-08-27 18:45:35.074       - [7] Checking services
2026-08-27 18:45:36.084       - [5] Checking services
2026-08-27 18:45:37.097       - [3] Checking services
2026-08-27 18:45:38.112       - [4] Checking services
2026-08-27 18:45:39.113       - [7] Checking services
2026-08-27 18:45:40.114       - [5] Checking services
2026-08-27 18:45:41.114       - [3] Checking services
2026-08-27 18:45:42.115       - [4] Checking services
2026-08-27 18:45:43.116       - [7] Checking services
2026-08-27 18:45:44.127       - [5] Checking services
2026-08-27 18:45:45.141       - [3] Checking services
2026-08-27 18:45:46.154       - [7] Checking services
2026-08-27 18:45:47.170       - [5] Checking services
2026-08-27 18:45:48.181       - [3] Checking services
2026-08-27 18:45:49.195       - [4] Checking services
2026-08-27 18:45:50.208       - [7] Checking services
2026-08-27 18:45:51.221       - [5] Checking services
2026-08-27 18:45:52.223       - [3] Checking services
2026-08-27 18:45:53.223       - [4] Checking services
2026-08-27 18:45:54.237       - [7] Checking services
2026-08-27 18:45:55.253       - [5] Checking services
2026-08-27 18:45:56.256       - [3] Checking services
2026-08-27 18:45:57.258       - [4] Checking services
2026-08-27 18:45:58.270       - [7] Checking services
2026-08-27 18:45:59.285       - [5] Checking services
2026-08-27 18:46:00.299       - [3] Checking services
2026-08-27 18:46:01.300       - [4] Next job start 27/08/2026 18:47:00 for cmd /c C:\Git\git-bash.exe D:\script_ossigeno\messager.sh
2026-08-27 18:46:01.301       - [4] Next job start 27/08/2026 18:47:00 for cmd /c C:\Git\git-bash.exe D:\script_ossigeno\upload_to_v2.sh
2026-08-27 18:46:01.301       [12] Starting job: cmd /c C:\Git\git-bash.exe D:\script_ossigeno\messager.sh
2026-08-27 18:46:01.301       - [12] Executing: C:\Windows\SYSTEM32\cmd.exe
2026-08-27 18:46:01.301       - [4] Next job start 27/08/2026 18:47:00 for cmd /c C:\Git\git-bash.exe D:\script_ossigeno\upload_to_v1.sh
2026-08-27 18:46:01.301       - [12] ...parameters: /c C:\Git\git-bash.exe D:\script_ossigeno\messager.sh
2026-08-27 18:46:01.302       - [12] ...in directory: D:\script_ossigeno
2026-08-27 18:46:01.302       [13] Starting job: cmd /c C:\Git\git-bash.exe D:\script_ossigeno\upload_to_v2.sh
2026-08-27 18:46:01.302       - [13] Executing: C:\Windows\SYSTEM32\cmd.exe
2026-08-27 18:46:01.302       - [13] ...parameters: /c C:\Git\git-bash.exe D:\script_ossigeno\upload_to_v2.sh
2026-08-27 18:46:01.302       - [13] ...in directory: D:\script_ossigeno
2026-08-27 18:46:01.302       - [4] Checking services
2026-08-27 18:46:01.304       [8] Starting job: cmd /c C:\Git\git-bash.exe D:\script_ossigeno\upload_to_v1.sh
2026-08-27 18:46:01.304       - [8] Executing: C:\Windows\SYSTEM32\cmd.exe
2026-08-27 18:46:01.304       - [8] ...parameters: /c C:\Git\git-bash.exe D:\script_ossigeno\upload_to_v1.sh
2026-08-27 18:46:01.304       - [8] ...in directory: D:\script_ossigeno
2026-08-27 18:46:01.308       - [12] Process started, waiting at most 86400 seconds
2026-08-27 18:46:01.321       - [8] Process started, waiting at most 86400 seconds
2026-08-27 18:46:01.324       - [13] Process started, waiting at most 86400 seconds
2026-08-27 18:46:02.304       - [5] Checking services
2026-08-27 18:46:03.019       - [8] Job finished
2026-08-27 18:46:03.019       - [12] Job finished
2026-08-27 18:46:03.315       - [7] Checking services
2026-08-27 18:46:03.864       - [13] Job finished
2026-08-27 18:46:04.318       - [5] Checking services
2026-08-27 18:46:05.333       - [3] Checking services
2026-08-27 18:46:06.335       - [4] Checking services
2026-08-27 18:46:07.341       - [7] Checking services
2026-08-27 18:46:08.352       - [5] Checking services
2026-08-27 18:46:09.362       - [3] Checking services
2026-08-27 18:46:10.374       - [4] Checking services
2026-08-27 18:46:11.378       - [5] Checking services
2026-08-27 18:46:12.379       - [3] Checking services
2026-08-27 18:46:13.394       - [4] Checking services
2026-08-27 18:46:14.410       - [7] Checking services
2026-08-27 18:46:15.414       - [5] Checking services
2026-08-27 18:46:16.430       - [3] Checking services
2026-08-27 18:46:17.442       - [4] Checking services
2026-08-27 18:46:18.442       - [7] Checking services
2026-08-27 18:46:19.455       - [3] Checking services
2026-08-27 18:46:20.471       - [4] Checking services
2026-08-27 18:46:21.482       - [7] Checking services
2026-08-27 18:46:22.498       - [5] Checking services
2026-08-27 18:46:23.513       - [3] Checking services
2026-08-27 18:46:24.529       - [4] Checking services
2026-08-27 18:46:25.537       - [7] Checking services
2026-08-27 18:46:26.544       - [5] Checking services
2026-08-27 18:46:27.554       - [3] Checking services
2026-08-27 18:46:28.567       - [4] Checking services
2026-08-27 18:46:29.602       - [7] Checking services
2026-08-27 18:46:30.615       - [5] Checking services
2026-08-27 18:46:31.617       - [3] Checking services
2026-08-27 18:46:32.619       - [4] Checking services
2026-08-27 18:46:33.625       - [7] Checking services
2026-08-27 18:46:34.626       - [5] Checking services
2026-08-27 18:46:35.634       - [3] Checking services
2026-08-27 18:46:36.641       - [4] Checking services
2026-08-27 18:46:37.655       - [7] Checking services
2026-08-27 18:46:38.670       - [5] Checking services
2026-08-27 18:46:39.686       - [3] Checking services
2026-08-27 18:46:40.698       - [4] Checking services
2026-08-27 18:46:41.713       - [7] Checking services
2026-08-27 18:46:42.724       - [5] Checking services
2026-08-27 18:46:43.735       - [3] Checking services
2026-08-27 18:46:44.748       - [4] Checking services
2026-08-27 18:46:45.763       - [7] Checking services
2026-08-27 18:46:46.767       - [5] Checking services
2026-08-27 18:46:47.771       - [3] Checking services
2026-08-27 18:46:48.777       - [4] Checking services
2026-08-27 18:46:49.788       - [7] Checking services
2026-08-27 18:46:50.803       - [5] Checking services
2026-08-27 18:46:51.818       - [3] Checking services
2026-08-27 18:46:52.829       - [4] Checking services
2026-08-27 18:46:53.834       - [7] Checking services
2026-08-27 18:46:54.846       - [5] Checking services
2026-08-27 18:46:55.860       - [3] Checking services
2026-08-27 18:46:56.862       - [7] Checking services
2026-08-27 18:46:57.873       - [5] Checking services
2026-08-27 18:46:58.877       - [3] Checking services
2026-08-27 18:46:59.889       - [4] Checking services
2026-08-27 18:47:00.904       - [7] Next job start 27/08/2026 18:48:00 for cmd /c C:\Git\git-bash.exe D:\script_ossigeno\messager.sh
2026-08-27 18:47:00.905       - [7] Next job start 27/08/2026 18:48:00 for cmd /c C:\Git\git-bash.exe D:\script_ossigeno\upload_to_v2.sh
2026-08-27 18:47:00.906       [8] Starting job: cmd /c C:\Git\git-bash.exe D:\script_ossigeno\messager.sh
2026-08-27 18:47:00.906       - [8] Executing: C:\Windows\SYSTEM32\cmd.exe
2026-08-27 18:47:00.907       - [7] Next job start 27/08/2026 18:48:00 for cmd /c C:\Git\git-bash.exe D:\script_ossigeno\upload_to_v1.sh
2026-08-27 18:47:00.907       - [8] ...parameters: /c C:\Git\git-bash.exe D:\script_ossigeno\messager.sh
2026-08-27 18:47:00.907       - [8] ...in directory: D:\script_ossigeno
2026-08-27 18:47:00.907       [12] Starting job: cmd /c C:\Git\git-bash.exe D:\script_ossigeno\upload_to_v2.sh
2026-08-27 18:47:00.907       - [12] Executing: C:\Windows\SYSTEM32\cmd.exe
2026-08-27 18:47:00.907       - [12] ...parameters: /c C:\Git\git-bash.exe D:\script_ossigeno\upload_to_v2.sh
2026-08-27 18:47:00.907       - [12] ...in directory: D:\script_ossigeno
2026-08-27 18:47:00.908       - [7] Checking services
2026-08-27 18:47:00.908       [9] Starting job: cmd /c C:\Git\git-bash.exe D:\script_ossigeno\upload_to_v1.sh
2026-08-27 18:47:00.908       - [9] Executing: C:\Windows\SYSTEM32\cmd.exe
2026-08-27 18:47:00.908       - [9] ...parameters: /c C:\Git\git-bash.exe D:\script_ossigeno\upload_to_v1.sh
2026-08-27 18:47:00.908       - [9] ...in directory: D:\script_ossigeno
2026-08-27 18:47:00.914       - [8] Process started, waiting at most 86400 seconds
2026-08-27 18:47:00.919       - [12] Process started, waiting at most 86400 seconds
2026-08-27 18:47:00.924       - [9] Process started, waiting at most 86400 seconds
2026-08-27 18:47:01.920       - [5] Checking services
2026-08-27 18:47:02.625       - [8] Job finished
2026-08-27 18:47:02.765       - [12] Job finished
2026-08-27 18:47:02.922       - [3] Checking services
2026-08-27 18:47:03.343       - [9] Job finished
2026-08-27 18:47:03.938       - [4] Checking services
2026-08-27 18:47:04.947       - [3] Checking services
2026-08-27 18:47:05.963       - [5] Checking services
2026-08-27 18:47:06.977       - [7] Checking services
2026-08-27 18:47:07.992       - [4] Checking services
2026-08-27 18:47:09.005       - [3] Checking services
2026-08-27 18:47:10.007       - [5] Checking services
2026-08-27 18:47:11.009       - [7] Checking services
2026-08-27 18:47:12.023       - [4] Checking services
2026-08-27 18:47:13.036       - [3] Checking services
2026-08-27 18:47:14.038       - [5] Checking services
2026-08-27 18:47:15.039       - [7] Checking services
2026-08-27 18:47:16.054       - [4] Checking services
2026-08-27 18:47:17.067       - [3] Checking services
2026-08-27 18:47:18.077       - [5] Checking services
2026-08-27 18:47:19.078       - [7] Checking services
2026-08-27 18:47:20.085       - [4] Checking services
2026-08-27 18:47:21.093       - [3] Checking services
2026-08-27 18:47:22.104       - [5] Checking services
2026-08-27 18:47:23.106       - [7] Checking services
2026-08-27 18:47:24.108       - [4] Checking services
2026-08-27 18:47:25.122       - [3] Checking services
2026-08-27 18:47:26.135       [5] Definition file change detected
2026-08-27 18:47:26.138       - [5] Next job start 28/08/2026 05:30:00 for cmd /c C:\Git\git-bash.exe D:\script_ossigeno\upload_to_v2.sh
2026-08-27 18:47:26.138       - [5] Next job start 28/08/2026 06:00:00 for cmd /c C:\Git\git-bash.exe D:\script_ossigeno\upload_to_v1.sh
2026-08-27 18:47:26.139       [5] Config: Run missed jobs on startup = False
2026-08-27 18:47:26.139       [5] Config: Check services every       = 0 seconds (constantly)
2026-08-27 18:47:26.139       [5] Config: Terminate cron jobs after  = 86400 seconds
2026-08-27 18:47:26.140       [5] Removing old CronJob: cmd /c C:\Git\git-bash.exe D:\script_ossigeno\messager.sh
2026-08-27 18:47:26.140       [5] Removing old CronJob: cmd /c C:\Git\git-bash.exe D:\script_ossigeno\upload_to_v2.sh
2026-08-27 18:47:26.140       [5] Removing old CronJob: cmd /c C:\Git\git-bash.exe D:\script_ossigeno\upload_to_v1.sh
2026-08-27 18:47:26.140       [5] All jobs reloaded
2026-08-27 18:47:26.140       - [5] Checking services
2026-08-27 18:47:27.148       - [4] Checking services
2026-08-27 18:47:28.164       - [3] Checking services
2026-08-27 18:47:29.179       - [7] Checking services
2026-08-27 18:47:30.192       - [5] Checking services
2026-08-27 18:47:31.195       - [4] Checking services
2026-08-27 18:47:32.198       - [3] Checking services
2026-08-27 18:47:33.209       - [7] Checking services
2026-08-27 18:47:34.213       - [5] Checking services
2026-08-27 18:47:35.226       - [4] Checking services
2026-08-27 18:47:36.240       - [3] Checking services
2026-08-27 18:47:37.253       - [7] Checking services
2026-08-27 18:47:38.268       - [5] Checking services
2026-08-27 18:47:39.283       - [4] Checking services
2026-08-27 18:47:40.297       - [3] Checking services
2026-08-27 18:47:41.312       - [7] Checking services
2026-08-27 18:47:42.326       - [5] Checking services
2026-08-27 18:47:43.341       - [4] Checking services
2026-08-27 18:47:44.356       - [3] Checking services
2026-08-27 18:47:45.373       - [7] Checking services
2026-08-27 18:47:46.379       - [5] Checking services
2026-08-27 18:47:47.380       - [4] Checking services
2026-08-27 18:47:48.395       - [3] Checking services
2026-08-27 18:47:49.410       - [7] Checking services
2026-08-27 18:47:50.425       - [5] Checking services
2026-08-27 18:47:51.426       - [4] Checking services
2026-08-27 18:47:52.439       - [3] Checking services
2026-08-27 18:47:53.454       - [5] Checking services
2026-08-27 18:47:54.463       - [3] Checking services
2026-08-27 18:47:55.474       - [7] Checking services
2026-08-27 18:47:56.489       - [5] Checking services
2026-08-27 18:47:57.490       - [4] Checking services
2026-08-27 18:47:58.501       - [3] Checking services
2026-08-27 18:47:59.503       - [7] Checking services
2026-08-27 18:48:00.512       - [5] Checking services
2026-08-27 18:48:01.527       - [4] Checking services
2026-08-27 18:48:02.541       - [3] Checking services
2026-08-27 18:48:03.546       - [7] Checking services
2026-08-27 18:48:04.547       - [5] Checking services
2026-08-27 18:48:05.558       - [4] Checking services
2026-08-27 18:48:06.561       - [3] Checking services
2026-08-27 18:48:07.571       - [7] Checking services
2026-08-27 18:48:08.572       - [5] Checking services
2026-08-27 18:48:09.586       - [4] Checking services
2026-08-27 18:48:10.600       - [3] Checking services
2026-08-27 18:48:11.615       - [7] Checking services
2026-08-27 18:48:12.624       - [5] Checking services
2026-08-27 18:48:13.638       - [4] Checking services
2026-08-27 18:48:14.653       - [3] Checking services
2026-08-27 18:48:15.654       - [7] Checking services
2026-08-27 18:48:16.668       - [5] Checking services
2026-08-27 18:48:17.670       - [4] Checking services
2026-08-27 18:48:18.683       - [3] Checking services
2026-08-27 18:48:19.684       - [7] Checking services
2026-08-27 18:48:20.697       - [5] Checking services
2026-08-27 18:48:21.709       - [4] Checking services
2026-08-27 18:48:22.722       - [3] Checking services
2026-08-27 18:48:23.723       - [7] Checking services
2026-08-27 18:48:24.736       - [5] Checking services
2026-08-27 18:48:25.749       - [4] Checking services
2026-08-27 18:48:26.765       - [3] Checking services
2026-08-27 18:48:27.778       - [7] Checking services
2026-08-27 18:48:28.792       - [5] Checking services
2026-08-27 18:48:29.801       - [4] Checking services
2026-08-27 18:48:30.813       - [3] Checking services
2026-08-27 18:48:31.827       - [7] Checking services
2026-08-27 18:48:32.840       - [5] Checking services
2026-08-27 18:48:33.841       - [4] Checking services
2026-08-27 18:48:34.850       - [3] Checking services
2026-08-27 18:48:35.864       - [7] Checking services
2026-08-27 18:48:36.865       - [5] Checking services
2026-08-27 18:48:37.865       - [4] Checking services
2026-08-27 18:48:38.878       - [3] Checking services
2026-08-27 18:48:39.880       - [7] Checking services
2026-08-27 18:48:40.893       - [5] Checking services
2026-08-27 18:48:41.909       - [4] Checking services
2026-08-27 18:48:42.913       - [3] Checking services
2026-08-27 18:48:43.922       - [7] Checking services
2026-08-27 18:48:44.924       - [5] Checking services
2026-08-27 18:48:45.931       - [4] Checking services
2026-08-27 18:48:46.947       - [3] Checking services
2026-08-27 18:48:47.962       - [7] Checking services
2026-08-27 18:48:48.976       - [5] Checking services
2026-08-27 18:48:49.989       - [4] Checking services
2026-08-27 18:48:50.991       - [3] Checking services
2026-08-27 18:48:51.992       - [7] Checking services
2026-08-27 18:48:53.007       - [5] Checking services
2026-08-27 18:48:54.008       - [4] Checking services
2026-08-27 18:48:55.020       - [3] Checking services
2026-08-27 18:48:56.030       - [7] Checking services
2026-08-27 18:48:57.040       - [5] Checking services
2026-08-27 18:48:58.056       - [4] Checking services
2026-08-27 18:48:59.068       - [3] Checking services
2026-08-27 18:49:00.070       - [7] Checking services
2026-08-27 18:49:01.083       - [5] Checking services
2026-08-27 18:49:02.085       - [4] Checking services
2026-08-27 18:49:03.088       - [3] Checking services
2026-08-27 18:49:04.091       - [7] Checking services
2026-08-27 18:49:05.106       - [5] Checking services
2026-08-27 18:49:06.121       - [4] Checking services
2026-08-27 18:49:07.137       - [3] Checking services
2026-08-27 18:49:08.139       - [7] Checking services
2026-08-27 18:49:09.151       - [5] Checking services
2026-08-27 18:49:10.163       - [4] Checking services
2026-08-27 18:49:11.178       - [3] Checking services
2026-08-27 18:49:12.194       - [7] Checking services
2026-08-27 18:49:13.205       - [5] Checking services
2026-08-27 18:49:14.218       - [4] Checking services
2026-08-27 18:49:15.230       - [3] Checking services
2026-08-27 18:49:16.243       - [7] Checking services
2026-08-27 18:49:17.258       - [5] Checking services
2026-08-27 18:49:18.272       - [4] Checking services
2026-08-27 18:49:19.283       - [3] Checking services
2026-08-27 18:49:20.286       - [7] Checking services
2026-08-27 18:49:21.301       - [5] Checking services
2026-08-27 18:49:22.316       - [4] Checking services
2026-08-27 18:49:23.329       - [3] Checking services
2026-08-27 18:49:24.342       - [7] Checking services
2026-08-27 18:49:25.357       - [5] Checking services
2026-08-27 18:49:26.371       - [4] Checking services
2026-08-27 18:49:27.385       - [3] Checking services
2026-08-27 18:49:28.400       - [7] Checking services
2026-08-27 18:49:29.414       - [5] Checking services
2026-08-27 18:49:30.423       - [3] Checking services
2026-08-27 18:49:31.437       - [7] Checking services
2026-08-27 18:49:32.452       - [5] Checking services
2026-08-27 18:49:33.460       - [4] Checking services
2026-08-27 18:49:34.476       - [3] Checking services
2026-08-27 18:49:35.490       - [7] Checking services
2026-08-27 18:49:36.503       - [5] Checking services
2026-08-27 18:49:37.518       - [4] Checking services
2026-08-27 18:49:38.531       - [3] Checking services
2026-08-27 18:49:39.544       - [7] Checking services
2026-08-27 18:49:40.556       - [5] Checking services
2026-08-27 18:49:41.570       - [4] Checking services
2026-08-27 18:49:42.585       - [3] Checking services
2026-08-27 18:49:43.600       - [7] Checking services
2026-08-27 18:49:44.615       - [5] Checking services
2026-08-27 18:49:45.630       - [4] Checking services
2026-08-27 18:49:46.645       - [3] Checking services
2026-08-27 18:49:47.661       - [7] Checking services
2026-08-27 18:49:48.670       - [5] Checking services
2026-08-27 18:49:49.673       - [4] Checking services
2026-08-27 18:49:50.674       - [3] Checking services
2026-08-27 18:49:51.689       - [7] Checking services
2026-08-27 18:49:52.701       - [5] Checking services
2026-08-27 18:49:53.702       - [4] Checking services
2026-08-27 18:49:54.705       - [3] Checking services
2026-08-27 18:49:55.717       - [7] Checking services
2026-08-27 18:49:56.732       - [5] Checking services
2026-08-27 18:49:57.747       - [4] Checking services
2026-08-27 18:49:58.748       - [3] Checking services
2026-08-27 18:49:59.763       - [7] Checking services
2026-08-27 18:50:00.776       - [5] Checking services
2026-08-27 18:50:01.784       - [4] Checking services
2026-08-27 18:50:02.795       - [3] Checking services
2026-08-27 18:50:03.796       - [7] Checking services
2026-08-27 18:50:04.811       - [5] Checking services
2026-08-27 18:50:05.825       - [4] Checking services
2026-08-27 18:50:06.837       - [3] Checking services
2026-08-27 18:50:07.852       - [7] Checking services
2026-08-27 18:50:09.030       - [5] Checking services
2026-08-27 18:50:10.033       - [4] Checking services
2026-08-27 18:50:11.048       - [3] Checking services
2026-08-27 18:50:12.063       - [7] Checking services
2026-08-27 18:50:13.073       - [5] Checking services
2026-08-27 18:50:14.087       - [4] Checking services
2026-08-27 18:50:15.098       - [3] Checking services
2026-08-27 18:50:16.110       - [7] Checking services
2026-08-27 18:50:17.124       - [5] Checking services
2026-08-27 18:50:18.137       - [4] Checking services
2026-08-27 18:50:19.140       - [3] Checking services
2026-08-27 18:50:20.153       - [7] Checking services
2026-08-27 18:50:21.169       - [5] Checking services
2026-08-27 18:50:22.171       - [4] Checking services
2026-08-27 18:50:23.186       - [3] Checking services
2026-08-27 18:50:24.187       - [7] Checking services
2026-08-27 18:50:25.199       - [5] Checking services
2026-08-27 18:50:26.213       - [4] Checking services
2026-08-27 18:50:27.216       - [3] Checking services
2026-08-27 18:50:28.231       - [7] Checking services
2026-08-27 18:50:29.234       - [5] Checking services
2026-08-27 18:50:30.247       - [4] Checking services
2026-08-27 18:50:31.251       - [3] Checking services
2026-08-27 18:50:32.264       - [7] Checking services
2026-08-27 18:50:33.279       - [5] Checking services
2026-08-27 18:50:34.295       - [4] Checking services
2026-08-27 18:50:35.297       - [3] Checking services
2026-08-27 18:50:36.311       - [7] Checking services
2026-08-27 18:50:37.322       - [5] Checking services
2026-08-27 18:50:38.336       - [4] Checking services
2026-08-27 18:50:39.350       - [3] Checking services
2026-08-27 18:50:40.364       - [7] Checking services
2026-08-27 18:50:41.366       - [5] Checking services
2026-08-27 18:50:42.379       - [4] Checking services
2026-08-27 18:50:43.380       - [3] Checking services
2026-08-27 18:50:44.383       - [7] Checking services
2026-08-27 18:50:45.398       - [5] Checking services
2026-08-27 18:50:46.413       - [4] Checking services
2026-08-27 18:50:47.428       - [3] Checking services
2026-08-27 18:50:48.441       - [7] Checking services
2026-08-27 18:50:49.456       - [5] Checking services
2026-08-27 18:50:50.469       - [4] Checking services
2026-08-27 18:50:51.483       - [3] Checking services
2026-08-27 18:50:52.498       - [7] Checking services
2026-08-27 18:50:53.511       - [5] Checking services
2026-08-27 18:50:54.514       - [4] Checking services
2026-08-27 18:50:55.528       - [3] Checking services
2026-08-27 18:50:56.544       - [7] Checking services
2026-08-27 18:50:57.559       - [5] Checking services
2026-08-27 18:50:58.563       - [4] Checking services
2026-08-27 18:50:59.575       - [3] Checking services
2026-08-27 18:51:00.587       - [7] Checking services
2026-08-27 18:51:01.598       - [5] Checking services
2026-08-27 18:51:02.611       - [4] Checking services
2026-08-27 18:51:03.617       - [3] Checking services
2026-08-27 18:51:04.633       - [7] Checking services
2026-08-27 18:51:05.636       - [5] Checking services
2026-08-27 18:51:06.648       - [4] Checking services
2026-08-27 18:51:07.649       - [7] Checking services
2026-08-27 18:51:08.663       - [5] Checking services
2026-08-27 18:51:09.664       - [4] Checking services
2026-08-27 18:51:10.678       - [3] Checking services
2026-08-27 18:51:11.691       - [7] Checking services
2026-08-27 18:51:12.706       - [5] Checking services
2026-08-27 18:51:13.717       - [4] Checking services
2026-08-27 18:51:14.731       - [3] Checking services
2026-08-27 18:51:15.743       - [7] Checking services
2026-08-27 18:51:16.758       - [5] Checking services
2026-08-27 18:51:17.758       - [4] Checking services
2026-08-27 18:51:18.761       - [3] Checking services
2026-08-27 18:51:19.774       - [7] Checking services
2026-08-27 18:51:20.787       - [5] Checking services
2026-08-27 18:51:21.802       - [4] Checking services
2026-08-27 18:51:22.814       - [3] Checking services
2026-08-27 18:51:23.829       - [7] Checking services
2026-08-27 18:51:24.832       - [5] Checking services
2026-08-27 18:51:25.842       - [4] Checking services
2026-08-27 18:51:26.852       - [3] Checking services
2026-08-27 18:51:27.864       - [7] Checking services
2026-08-27 18:51:28.877       - [5] Checking services
2026-08-27 18:51:29.892       - [4] Checking services
2026-08-27 18:51:30.904       - [3] Checking services
2026-08-27 18:51:31.906       - [7] Checking services
2026-08-27 18:51:32.918       - [5] Checking services
2026-08-27 18:51:33.931       - [4] Checking services
2026-08-27 18:51:34.944       - [3] Checking services
2026-08-27 18:51:35.959       - [7] Checking services
2026-08-27 18:51:36.972       - [5] Checking services
2026-08-27 18:51:37.979       - [4] Checking services
2026-08-27 18:51:38.980       - [3] Checking services
2026-08-27 18:51:39.980       - [7] Checking services
2026-08-27 18:51:40.995       - [5] Checking services
2026-08-27 18:51:42.008       - [4] Checking services
2026-08-27 18:51:43.023       - [3] Checking services
2026-08-27 18:51:44.034       - [7] Checking services
2026-08-27 18:51:45.049       - [5] Checking services
2026-08-27 18:51:46.049       - [4] Checking services
2026-08-27 18:51:47.064       - [3] Checking services
2026-08-27 18:51:48.078       - [7] Checking services
2026-08-27 18:51:49.092       - [5] Checking services
2026-08-27 18:51:50.103       - [4] Checking services
2026-08-27 18:51:51.104       - [3] Checking services
2026-08-27 18:51:52.120       - [7] Checking services
2026-08-27 18:51:53.134       - [5] Checking services
2026-08-27 18:51:54.147       - [4] Checking services
2026-08-27 18:51:55.160       - [3] Checking services
2026-08-27 18:51:56.160       - [7] Checking services
2026-08-27 18:51:57.175       - [5] Checking services
2026-08-27 18:51:58.185       - [4] Checking services
2026-08-27 18:51:59.197       - [3] Checking services
2026-08-27 18:52:00.210       - [7] Checking services
2026-08-27 18:52:01.225       - [5] Checking services
2026-08-27 18:52:02.240       - [4] Checking services
2026-08-27 18:52:03.243       - [3] Checking services
2026-08-27 18:52:04.257       - [7] Checking services
2026-08-27 18:52:05.257       - [5] Checking services
2026-08-27 18:52:06.265       - [4] Checking services
2026-08-27 18:52:07.267       - [3] Checking services
2026-08-27 18:52:08.281       - [7] Checking services
2026-08-27 18:52:09.282       - [5] Checking services
2026-08-27 18:52:10.285       - [4] Checking services
2026-08-27 18:52:11.300       - [3] Checking services
2026-08-27 18:52:12.314       - [7] Checking services
2026-08-27 18:52:13.315       - [5] Checking services
2026-08-27 18:52:14.329       - [4] Checking services
2026-08-27 18:52:15.342       - [3] Checking services
2026-08-27 18:52:16.344       - [7] Checking services
2026-08-27 18:52:17.358       - [5] Checking services
2026-08-27 18:52:18.358       - [4] Checking services
2026-08-27 18:52:19.373       - [3] Checking services
2026-08-27 18:52:20.375       - [7] Checking services
2026-08-27 18:52:21.387       - [4] Checking services
2026-08-27 18:52:22.388       - [3] Checking services
2026-08-27 18:52:23.401       - [7] Checking services
2026-08-27 18:52:24.404       - [5] Checking services
2026-08-27 18:52:25.411       - [4] Checking services
2026-08-27 18:52:26.416       - [3] Checking services
2026-08-27 18:52:27.417       - [7] Checking services
2026-08-27 18:52:28.427       - [5] Checking services
2026-08-27 18:52:29.434       - [4] Checking services
2026-08-27 18:52:30.442       - [3] Checking services
2026-08-27 18:52:31.445       - [7] Checking services
2026-08-27 18:52:32.454       - [5] Checking services
2026-08-27 18:52:33.463       - [4] Checking services
2026-08-27 18:52:34.474       - [3] Checking services
2026-08-27 18:52:35.487       - [7] Checking services
2026-08-27 18:52:36.495       - [5] Checking services
2026-08-27 18:52:37.499       - [4] Checking services
2026-08-27 18:52:38.502       - [3] Checking services
2026-08-27 18:52:39.518       - [7] Checking services
2026-08-27 18:52:40.524       - [5] Checking services
2026-08-27 18:52:41.526       - [4] Checking services
2026-08-27 18:52:42.528       - [3] Checking services
2026-08-27 18:52:43.534       - [7] Checking services
2026-08-27 18:52:44.549       - [4] Checking services
2026-08-27 18:52:45.550       - [3] Checking services
2026-08-27 18:52:46.551       - [7] Checking services
2026-08-27 18:52:47.562       - [5] Checking services
2026-08-27 18:52:48.574       - [4] Checking services
2026-08-27 18:52:49.581       - [4] Checking services
2026-08-27 18:52:50.587       - [3] Checking services
2026-08-27 18:52:51.589       - [7] Checking services
2026-08-27 18:52:52.592       - [5] Checking services
2026-08-27 18:52:53.649       - [4] Checking services
2026-08-27 18:52:54.650       - [3] Checking services
2026-08-27 18:52:55.651       - [7] Checking services
2026-08-27 18:52:56.664       - [5] Checking services
2026-08-27 18:52:57.678       - [4] Checking services
2026-08-27 18:52:58.687       - [3] Checking services
2026-08-27 18:52:59.694       - [7] Checking services
2026-08-27 18:53:00.710       - [5] Checking services
2026-08-27 18:53:01.720       - [4] Checking services
2026-08-27 18:53:02.735       - [3] Checking services
2026-08-27 18:53:03.738       - [7] Checking services
2026-08-27 18:53:04.751       - [5] Checking services
2026-08-27 18:53:05.762       - [4] Checking services
2026-08-27 18:53:06.763       - [3] Checking services
2026-08-27 18:53:07.772       - [7] Checking services
2026-08-27 18:53:08.778       - [5] Checking services
2026-08-27 18:53:09.781       - [4] Checking services
2026-08-27 18:53:10.782       - [3] Checking services
2026-08-27 18:53:11.797       - [7] Checking services
2026-08-27 18:53:12.811       - [5] Checking services
2026-08-27 18:53:13.825       - [4] Checking services
2026-08-27 18:53:14.828       - [3] Checking services
2026-08-27 18:53:15.841       - [7] Checking services
2026-08-27 18:53:16.856       - [5] Checking services
2026-08-27 18:53:17.867       - [4] Checking services
2026-08-27 18:53:18.881       - [3] Checking services
2026-08-27 18:53:19.923       - [7] Checking services
2026-08-27 18:53:20.938       - [5] Checking services
2026-08-27 18:53:21.950       - [4] Checking services
2026-08-27 18:53:22.953       - [3] Checking services
2026-08-27 18:53:23.968       - [7] Checking services
2026-08-27 18:53:24.968       - [5] Checking services
2026-08-27 18:53:25.970       - [4] Checking services
2026-08-27 18:53:26.983       - [3] Checking services
2026-08-27 18:53:27.998       - [7] Checking services
2026-08-27 18:53:28.999       - [5] Checking services
2026-08-27 18:53:30.013       - [4] Checking services
2026-08-27 18:53:31.028       - [3] Checking services
2026-08-27 18:53:32.042       - [7] Checking services
2026-08-27 18:53:33.055       - [5] Checking services
2026-08-27 18:53:34.061       - [4] Checking services
2026-08-27 18:53:35.076       - [3] Checking services
2026-08-27 18:53:36.080       - [7] Checking services
2026-08-27 18:53:37.080       - [5] Checking services
2026-08-27 18:53:38.092       - [4] Checking services
2026-08-27 18:53:39.093       - [3] Checking services
2026-08-27 18:53:40.096       - [7] Checking services
2026-08-27 18:53:41.107       - [5] Checking services
2026-08-27 18:53:42.108       - [4] Checking services
2026-08-27 18:53:43.121       - [3] Checking services
2026-08-27 18:53:44.123       - [7] Checking services
2026-08-27 18:53:45.138       - [5] Checking services
2026-08-27 18:53:46.139       - [4] Checking services
2026-08-27 18:53:47.140       - [3] Checking services
2026-08-27 18:53:48.155       - [7] Checking services
2026-08-27 18:53:49.157       - [5] Checking services
2026-08-27 18:53:50.159       - [4] Checking services
2026-08-27 18:53:51.172       - [3] Checking services
2026-08-27 18:53:52.185       - [7] Checking services
2026-08-27 18:53:53.200       - [5] Checking services
2026-08-27 18:53:54.201       - [4] Checking services
2026-08-27 18:53:55.217       - [3] Checking services
2026-08-27 18:53:56.227       - [7] Checking services
2026-08-27 18:53:57.231       - [5] Checking services
2026-08-27 18:53:58.247       - [4] Checking services
2026-08-27 18:53:59.248       - [3] Checking services
2026-08-27 18:54:00.249       - [7] Checking services
2026-08-27 18:54:01.264       - [5] Checking services
2026-08-27 18:54:02.265       - [4] Checking services
2026-08-27 18:54:03.280       - [3] Checking services
2026-08-27 18:54:04.282       - [7] Checking services
2026-08-27 18:54:05.291       - [5] Checking services
2026-08-27 18:54:06.296       - [4] Checking services
2026-08-27 18:54:07.297       - [3] Checking services
2026-08-27 18:54:08.300       - [7] Checking services
2026-08-27 18:54:09.301       - [5] Checking services
2026-08-27 18:54:10.310       - [4] Checking services
2026-08-27 18:54:11.314       - [3] Checking services
2026-08-27 18:54:12.329       - [7] Checking services
2026-08-27 18:54:13.330       - [5] Checking services
2026-08-27 18:54:14.332       - [4] Checking services
2026-08-27 18:54:15.348       - [3] Checking services
2026-08-27 18:54:16.357       - [7] Checking services
2026-08-27 18:54:17.372       - [5] Checking services
2026-08-27 18:54:18.373       - [4] Checking services
2026-08-27 18:54:19.388       - [3] Checking services
2026-08-27 18:54:20.398       - [7] Checking services
2026-08-27 18:54:21.411       - [4] Checking services
2026-08-27 18:54:22.427       - [3] Checking services
2026-08-27 18:54:23.442       - [7] Checking services
2026-08-27 18:54:24.446       - [5] Checking services
2026-08-27 18:54:25.455       - [4] Checking services
2026-08-27 18:54:26.470       - [3] Checking services
2026-08-27 18:54:27.478       - [7] Checking services
2026-08-27 18:54:28.482       - [5] Checking services
2026-08-27 18:54:29.497       - [4] Checking services
2026-08-27 18:54:30.499       - [3] Checking services
2026-08-27 18:54:31.500       - [7] Checking services
2026-08-27 18:54:32.515       - [4] Checking services
2026-08-27 18:54:33.516       - [3] Checking services
2026-08-27 18:54:34.529       - [7] Checking services
2026-08-27 18:54:35.533       - [5] Checking services
2026-08-27 18:54:36.534       - [4] Checking services
2026-08-27 18:54:37.548       - [3] Checking services
2026-08-27 18:54:38.559       - [7] Checking services
2026-08-27 18:54:39.572       - [5] Checking services
2026-08-27 18:54:40.584       - [4] Checking services
2026-08-27 18:54:41.597       - [3] Checking services
2026-08-27 18:54:42.610       - [7] Checking services
2026-08-27 18:54:43.613       - [5] Checking services
2026-08-27 18:54:44.626       - [4] Checking services
2026-08-27 18:54:45.630       - [3] Checking services
2026-08-27 18:54:46.641       - [7] Checking services
2026-08-27 18:54:47.655       - [5] Checking services
2026-08-27 18:54:48.669       - [4] Checking services
2026-08-27 18:54:49.682       - [3] Checking services
2026-08-27 18:54:50.683       - [7] Checking services
2026-08-27 18:54:51.686       - [5] Checking services
2026-08-27 18:54:52.689       - [4] Checking services
2026-08-27 18:54:53.691       - [3] Checking services
2026-08-27 18:54:54.705       - [7] Checking services
2026-08-27 18:54:55.717       - [5] Checking services
2026-08-27 18:54:56.719       - [4] Checking services
2026-08-27 18:54:57.723       - [3] Checking services
2026-08-27 18:54:58.737       - [7] Checking services
2026-08-27 18:54:59.752       - [5] Checking services
2026-08-27 18:55:00.757       - [4] Checking services
2026-08-27 18:55:01.769       - [3] Checking services
2026-08-27 18:55:02.784       - [7] Checking services
2026-08-27 18:55:03.799       - [5] Checking services
2026-08-27 18:55:04.812       - [4] Checking services
2026-08-27 18:55:05.829       - [3] Checking services
2026-08-27 18:55:06.843       - [7] Checking services
2026-08-27 18:55:07.844       - [5] Checking services
2026-08-27 18:55:08.858       - [3] Checking services
2026-08-27 18:55:09.869       - [7] Checking services
2026-08-27 18:55:10.882       - [5] Checking services
2026-08-27 18:55:11.894       - [4] Checking services
2026-08-27 18:55:12.906       - [3] Checking services
2026-08-27 18:55:13.921       - [7] Checking services
2026-08-27 18:55:14.936       - [5] Checking services
2026-08-27 18:55:15.951       - [4] Checking services
2026-08-27 18:55:16.965       - [3] Checking services
2026-08-27 18:55:17.967       - [7] Checking services
2026-08-27 18:55:18.978       - [5] Checking services
2026-08-27 18:55:19.982       - [4] Checking services
2026-08-27 18:55:20.993       - [3] Checking services
2026-08-27 18:55:21.997       - [7] Checking services
2026-08-27 18:55:23.010       - [5] Checking services
2026-08-27 18:55:24.016       - [4] Checking services
2026-08-27 18:55:25.030       - [3] Checking services
2026-08-27 18:55:26.031       - [7] Checking services
2026-08-27 18:55:27.037       - [5] Checking services
2026-08-27 18:55:28.040       - [4] Checking services
2026-08-27 18:55:29.049       - [3] Checking services
2026-08-27 18:55:30.051       - [7] Checking services
2026-08-27 18:55:31.060       - [5] Checking services
2026-08-27 18:55:32.061       - [4] Checking services
2026-08-27 18:55:33.071       - [3] Checking services
2026-08-27 18:55:34.078       - [7] Checking services
2026-08-27 18:55:35.092       - [5] Checking services
2026-08-27 18:55:36.104       - [4] Checking services
2026-08-27 18:55:37.118       - [3] Checking services
2026-08-27 18:55:38.133       - [7] Checking services
2026-08-27 18:55:39.148       - [5] Checking services
2026-08-27 18:55:40.150       - [4] Checking services
2026-08-27 18:55:41.166       - [3] Checking services
2026-08-27 18:55:42.181       - [7] Checking services
2026-08-27 18:55:43.192       - [5] Checking services
2026-08-27 18:55:44.204       - [4] Checking services
2026-08-27 18:55:45.215       - [3] Checking services
2026-08-27 18:55:46.229       - [7] Checking services
2026-08-27 18:55:47.230       - [5] Checking services
2026-08-27 18:55:48.233       - [4] Checking services
2026-08-27 18:55:49.248       - [3] Checking services
2026-08-27 18:55:50.254       - [7] Checking services
2026-08-27 18:55:51.254       - [5] Checking services
2026-08-27 18:55:52.258       - [4] Checking services
2026-08-27 18:55:53.273       - [3] Checking services
2026-08-27 18:55:54.287       - [7] Checking services
2026-08-27 18:55:55.299       - [5] Checking services
2026-08-27 18:55:56.313       - [4] Checking services
2026-08-27 18:55:57.327       - [7] Checking services
2026-08-27 18:55:58.340       - [4] Checking services
2026-08-27 18:55:59.342       - [3] Checking services
2026-08-27 18:56:00.356       - [7] Checking services
2026-08-27 18:56:01.356       - [5] Checking services
2026-08-27 18:56:02.359       - [4] Checking services
2026-08-27 18:56:03.372       - [3] Checking services
2026-08-27 18:56:04.375       - [7] Checking services
2026-08-27 18:56:05.389       - [5] Checking services
2026-08-27 18:56:06.389       - [4] Checking services
2026-08-27 18:56:07.404       - [3] Checking services
2026-08-27 18:56:08.419       - [7] Checking services
2026-08-27 18:56:09.421       - [5] Checking services
2026-08-27 18:56:10.422       - [4] Checking services
2026-08-27 18:56:11.437       - [3] Checking services
2026-08-27 18:56:12.451       - [7] Checking services
2026-08-27 18:56:13.454       - [5] Checking services
2026-08-27 18:56:14.469       - [4] Checking services
2026-08-27 18:56:15.482       - [7] Checking services
2026-08-27 18:56:16.498       - [5] Checking services
2026-08-27 18:56:17.513       - [4] Checking services
2026-08-27 18:56:18.516       - [3] Checking services
2026-08-27 18:56:19.516       - [7] Checking services
2026-08-27 18:56:20.528       - [5] Checking services
2026-08-27 18:56:21.543       - [4] Checking services
2026-08-27 18:56:22.545       - [3] Checking services
2026-08-27 18:56:23.546       - [7] Checking services
2026-08-27 18:56:24.560       - [5] Checking services
2026-08-27 18:56:25.572       - [4] Checking services
2026-08-27 18:56:26.588       - [3] Checking services
2026-08-27 18:56:27.589       - [7] Checking services
2026-08-27 18:56:28.593       - [5] Checking services
2026-08-27 18:56:29.594       - [4] Checking services
2026-08-27 18:56:30.594       - [3] Checking services
2026-08-27 18:56:31.597       - [7] Checking services
2026-08-27 18:56:32.612       - [5] Checking services
2026-08-27 18:56:33.625       - [4] Checking services
2026-08-27 18:56:34.626       - [3] Checking services
2026-08-27 18:56:35.627       - [7] Checking services
2026-08-27 18:56:36.642       - [5] Checking services
2026-08-27 18:56:37.655       - [4] Checking services
2026-08-27 18:56:38.670       - [3] Checking services
2026-08-27 18:56:39.672       - [7] Checking services
2026-08-27 18:56:40.686       - [4] Checking services
2026-08-27 18:56:41.699       - [3] Checking services
2026-08-27 18:56:42.793       - [7] Checking services
2026-08-27 18:56:43.801       - [5] Checking services
2026-08-27 18:56:44.815       - [4] Checking services
2026-08-27 18:56:45.816       - [3] Checking services
2026-08-27 18:56:46.826       - [7] Checking services
2026-08-27 18:56:47.841       - [5] Checking services
2026-08-27 18:56:48.856       - [4] Checking services
2026-08-27 18:56:49.858       - [3] Checking services
2026-08-27 18:56:50.859       - [7] Checking services
2026-08-27 18:56:51.861       - [5] Checking services
2026-08-27 18:56:52.876       - [4] Checking services
2026-08-27 18:56:53.888       - [3] Checking services
2026-08-27 18:56:54.892       - [7] Checking services
2026-08-27 18:56:55.892       - [5] Checking services
2026-08-27 18:56:56.893       - [4] Checking services
2026-08-27 18:56:57.895       - [3] Checking services
2026-08-27 18:56:58.895       - [7] Checking services
2026-08-27 18:56:59.910       - [5] Checking services
2026-08-27 18:57:00.923       - [4] Checking services
2026-08-27 18:57:01.926       - [3] Checking services
2026-08-27 18:57:02.940       - [7] Checking services
2026-08-27 18:57:03.955       - [5] Checking services
2026-08-27 18:57:04.969       - [4] Checking services
2026-08-27 18:57:05.985       - [3] Checking services
2026-08-27 18:57:06.997       - [7] Checking services
2026-08-27 18:57:07.998       - [5] Checking services
2026-08-27 18:57:09.001       - [4] Checking services
2026-08-27 18:57:10.011       - [3] Checking services
2026-08-27 18:57:11.014       - [7] Checking services
2026-08-27 18:57:12.029       - [5] Checking services
2026-08-27 18:57:13.031       - [4] Checking services
2026-08-27 18:57:14.044       - [3] Checking services
2026-08-27 18:57:15.046       - [7] Checking services
2026-08-27 18:57:16.058       - [5] Checking services
2026-08-27 18:57:17.073       - [4] Checking services
2026-08-27 18:57:18.148       - [3] Checking services
2026-08-27 18:57:19.181       - [3] Checking services
2026-08-27 18:57:20.193       - [7] Checking services
2026-08-27 18:57:21.309       - [5] Checking services
2026-08-27 18:57:22.329       - [4] Checking services
2026-08-27 18:57:23.343       - [3] Checking services
2026-08-27 18:57:24.358       - [7] Checking services
2026-08-27 18:57:25.360       - [5] Checking services
2026-08-27 18:57:26.372       - [4] Checking services
2026-08-27 18:57:27.375       - [3] Checking services
2026-08-27 18:57:28.390       - [7] Checking services
2026-08-27 18:57:29.405       - [5] Checking services
2026-08-27 18:57:30.408       - [4] Checking services
2026-08-27 18:57:31.408       - [3] Checking services
2026-08-27 18:57:32.422       - [7] Checking services
2026-08-27 18:57:33.433       - [5] Checking services
2026-08-27 18:57:34.445       - [4] Checking services
2026-08-27 18:57:35.460       - [7] Checking services
2026-08-27 18:57:36.474       - [5] Checking services
2026-08-27 18:57:37.483       - [4] Checking services
2026-08-27 18:57:38.494       - [3] Checking services
2026-08-27 18:57:39.508       - [7] Checking services
2026-08-27 18:57:40.516       - [5] Checking services
2026-08-27 18:57:41.530       - [4] Checking services
2026-08-27 18:57:42.545       - [3] Checking services
2026-08-27 18:57:43.559       - [7] Checking services
2026-08-27 18:57:44.560       - [5] Checking services
2026-08-27 18:57:45.567       - [4] Checking services
2026-08-27 18:57:46.572       - [3] Checking services
2026-08-27 18:57:47.587       - [7] Checking services
2026-08-27 18:57:48.592       - [5] Checking services
2026-08-27 18:57:49.593       - [4] Checking services
2026-08-27 18:57:50.593       - [3] Checking services
2026-08-27 18:57:51.608       - [7] Checking services
2026-08-27 18:57:52.610       - [5] Checking services
2026-08-27 18:57:53.613       - [4] Checking services
2026-08-27 18:57:54.614       - [3] Checking services
2026-08-27 18:57:55.618       - [7] Checking services
2026-08-27 18:57:56.634       - [5] Checking services
2026-08-27 18:57:57.648       - [4] Checking services
2026-08-27 18:57:58.663       - [3] Checking services
2026-08-27 18:57:59.678       - [7] Checking services
2026-08-27 18:58:00.692       - [5] Checking services
2026-08-27 18:58:01.702       - [4] Checking services
2026-08-27 18:58:02.718       - [3] Checking services
2026-08-27 18:58:03.733       - [7] Checking services
2026-08-27 18:58:04.736       - [5] Checking services
2026-08-27 18:58:05.752       - [4] Checking services
2026-08-27 18:58:06.767       - [3] Checking services
2026-08-27 18:58:07.780       - [7] Checking services
2026-08-27 18:58:08.794       - [5] Checking services
2026-08-27 18:58:09.796       - [4] Checking services
2026-08-27 18:58:10.811       - [3] Checking services
2026-08-27 18:58:11.826       - [7] Checking services
2026-08-27 18:58:12.842       - [5] Checking services
2026-08-27 18:58:13.843       - [4] Checking services
2026-08-27 18:58:14.858       - [3] Checking services
2026-08-27 18:58:15.873       - [7] Checking services
2026-08-27 18:58:16.874       - [5] Checking services
2026-08-27 18:58:17.876       - [4] Checking services
2026-08-27 18:58:18.889       - [3] Checking services
2026-08-27 18:58:19.903       - [7] Checking services
2026-08-27 18:58:20.918       - [5] Checking services
2026-08-27 18:58:21.923       - [4] Checking services
2026-08-27 18:58:22.939       - [3] Checking services
2026-08-27 18:58:23.953       - [7] Checking services
2026-08-27 18:58:24.954       - [5] Checking services
2026-08-27 18:58:25.968       - [4] Checking services
2026-08-27 18:58:26.981       - [3] Checking services
2026-08-27 18:58:27.982       - [7] Checking services
2026-08-27 18:58:28.983       - [5] Checking services
2026-08-27 18:58:29.993       - [4] Checking services
2026-08-27 18:58:31.007       - [3] Checking services
2026-08-27 18:58:32.018       - [7] Checking services
2026-08-27 18:58:33.032       - [5] Checking services
2026-08-27 18:58:34.046       - [4] Checking services
2026-08-27 18:58:35.060       - [3] Checking services
2026-08-27 18:58:36.072       - [7] Checking services
2026-08-27 18:58:37.078       - [5] Checking services
2026-08-27 18:58:38.092       - [4] Checking services
2026-08-27 18:58:39.096       - [3] Checking services
2026-08-27 18:58:40.109       - [7] Checking services
2026-08-27 18:58:41.122       - [5] Checking services
2026-08-27 18:58:42.124       - [4] Checking services
2026-08-27 18:58:43.213       - [3] Checking services
2026-08-27 18:58:44.219       - [7] Checking services
2026-08-27 18:58:45.220       - [4] Checking services
2026-08-27 18:58:46.232       - [7] Checking services
2026-08-27 18:58:47.248       - [5] Checking services
2026-08-27 18:58:48.262       - [4] Checking services
2026-08-27 18:58:49.264       - [3] Checking services
2026-08-27 18:58:50.266       - [7] Checking services
2026-08-27 18:58:51.279       - [5] Checking services
2026-08-27 18:58:52.282       - [4] Checking services
2026-08-27 18:58:53.296       - [3] Checking services
2026-08-27 18:58:54.297       - [7] Checking services
2026-08-27 18:58:55.298       - [4] Checking services
2026-08-27 18:58:56.308       - [3] Checking services
2026-08-27 18:58:57.309       - [7] Checking services
2026-08-27 18:58:58.322       - [5] Checking services
2026-08-27 18:58:59.323       - [4] Checking services
2026-08-27 18:59:00.337       - [3] Checking services
2026-08-27 18:59:01.351       - [7] Checking services
2026-08-27 18:59:02.365       - [5] Checking services
2026-08-27 18:59:03.366       - [4] Checking services
2026-08-27 18:59:04.380       - [3] Checking services
2026-08-27 18:59:05.381       - [7] Checking services
2026-08-27 18:59:06.389       - [5] Checking services
2026-08-27 18:59:07.404       - [4] Checking services
2026-08-27 18:59:08.420       - [3] Checking services
2026-08-27 18:59:09.431       - [7] Checking services
2026-08-27 18:59:10.446       - [5] Checking services
2026-08-27 18:59:11.448       - [4] Checking services
2026-08-27 18:59:12.455       - [7] Checking services
2026-08-27 18:59:13.458       - [5] Checking services
2026-08-27 18:59:14.467       - [4] Checking services
2026-08-27 18:59:15.482       - [3] Checking services
2026-08-27 18:59:16.483       - [7] Checking services
2026-08-27 18:59:17.498       - [5] Checking services
2026-08-27 18:59:18.513       - [4] Checking services
2026-08-27 18:59:19.528       - [3] Checking services
2026-08-27 18:59:20.540       - [7] Checking services
2026-08-27 18:59:21.544       - [5] Checking services
2026-08-27 18:59:22.546       - [4] Checking services
2026-08-27 18:59:23.558       - [3] Checking services
2026-08-27 18:59:24.560       - [7] Checking services
2026-08-27 18:59:25.574       - [5] Checking services
2026-08-27 18:59:26.579       - [4] Checking services
2026-08-27 18:59:27.581       - [3] Checking services
2026-08-27 18:59:28.591       - [7] Checking services
2026-08-27 18:59:29.593       - [5] Checking services
2026-08-27 18:59:30.606       - [4] Checking services
2026-08-27 18:59:31.618       - [3] Checking services
2026-08-27 18:59:32.623       - [7] Checking services
2026-08-27 18:59:33.627       - [5] Checking services
2026-08-27 18:59:34.640       - [4] Checking services
2026-08-27 18:59:35.641       - [3] Checking services
2026-08-27 18:59:36.644       - [7] Checking services
2026-08-27 18:59:37.659       - [5] Checking services
2026-08-27 18:59:38.660       - [4] Checking services
2026-08-27 18:59:39.669       - [3] Checking services
2026-08-27 18:59:40.670       - [7] Checking services
2026-08-27 18:59:41.670       - [5] Checking services
2026-08-27 18:59:42.672       - [4] Checking services
2026-08-27 18:59:43.688       - [7] Checking services
2026-08-27 18:59:44.700       - [4] Checking services
2026-08-27 18:59:45.712       - [3] Checking services
2026-08-27 18:59:46.724       - [7] Checking services
2026-08-27 18:59:47.740       - [5] Checking services
2026-08-27 18:59:48.754       - [4] Checking services
2026-08-27 18:59:49.754       - [3] Checking services
2026-08-27 18:59:50.764       - [7] Checking services
2026-08-27 18:59:51.777       - [5] Checking services
2026-08-27 18:59:52.792       - [4] Checking services
2026-08-27 18:59:53.795       - [3] Checking services
2026-08-27 18:59:54.796       - [7] Checking services
2026-08-27 18:59:55.799       - [5] Checking services
2026-08-27 18:59:56.804       - [4] Checking services
2026-08-27 18:59:57.816       - [3] Checking services
2026-08-27 18:59:58.830       - [7] Checking services
2026-08-27 18:59:59.845       - [5] Checking services
2026-08-27 19:00:00.860       - [4] Checking services
2026-08-27 19:00:01.874       - [3] Checking services
2026-08-27 19:00:02.879       - [7] Checking services
2026-08-27 19:00:03.890       - [5] Checking services
2026-08-27 19:00:04.904       - [4] Checking services
2026-08-27 19:00:05.907       - [3] Checking services
2026-08-27 19:00:06.921       - [7] Checking services
2026-08-27 19:00:07.937       - [5] Checking services
2026-08-27 19:00:08.939       - [4] Checking services
2026-08-27 19:00:09.939       - [3] Checking services
2026-08-27 19:00:10.953       - [7] Checking services
2026-08-27 19:00:11.968       - [5] Checking services
2026-08-27 19:00:12.977       - [4] Checking services
2026-08-27 19:00:13.992       - [3] Checking services
2026-08-27 19:00:15.007       - [7] Checking services
2026-08-27 19:00:16.008       - [5] Checking services
2026-08-27 19:00:17.019       - [4] Checking services
2026-08-27 19:00:18.033       - [3] Checking services
2026-08-27 19:00:19.036       - [7] Checking services
2026-08-27 19:00:20.051       - [5] Checking services
2026-08-27 19:00:21.066       - [4] Checking services
2026-08-27 19:00:22.079       - [3] Checking services
2026-08-27 19:00:23.081       - [7] Checking services
2026-08-27 19:00:24.085       - [5] Checking services
2026-08-27 19:00:25.090       - [4] Checking services
2026-08-27 19:00:26.093       - [3] Checking services
2026-08-27 19:00:27.095       - [7] Checking services
2026-08-27 19:00:28.110       - [5] Checking services
2026-08-27 19:00:29.111       - [3] Checking services
2026-08-27 19:00:30.112       - [7] Checking services
2026-08-27 19:00:31.128       - [5] Checking services
2026-08-27 19:00:32.140       - [4] Checking services
2026-08-27 19:00:33.155       - [3] Checking services
2026-08-27 19:00:34.159       - [7] Checking services
2026-08-27 19:00:35.174       - [5] Checking services
2026-08-27 19:00:36.190       - [4] Checking services
2026-08-27 19:00:37.202       - [3] Checking services
2026-08-27 19:00:38.203       - [7] Checking services
2026-08-27 19:00:39.204       - [4] Checking services
2026-08-27 19:00:40.214       - [3] Checking services
2026-08-27 19:00:41.219       - [7] Checking services
2026-08-27 19:00:42.234       - [5] Checking services
2026-08-27 19:00:43.249       - [4] Checking services
2026-08-27 19:00:44.262       - [3] Checking services
2026-08-27 19:00:45.263       - [7] Checking services
2026-08-27 19:00:46.264       - [5] Checking services
2026-08-27 19:00:47.266       - [4] Checking services
2026-08-27 19:00:48.276       - [3] Checking services
2026-08-27 19:00:49.292       - [5] Checking services
2026-08-27 19:00:50.296       - [4] Checking services
2026-08-27 19:00:51.299       - [3] Checking services
2026-08-27 19:00:52.311       - [7] Checking services
2026-08-27 19:00:53.327       - [5] Checking services
2026-08-27 19:00:54.339       - [4] Checking services
2026-08-27 19:00:55.341       - [3] Checking services
2026-08-27 19:00:56.342       - [7] Checking services
2026-08-27 19:00:57.343       - [5] Checking services
2026-08-27 19:00:58.356       - [4] Checking services
2026-08-27 19:00:59.370       - [3] Checking services
2026-08-27 19:01:00.375       - [7] Checking services
2026-08-27 19:01:01.376       - [5] Checking services
2026-08-27 19:01:02.389       - [3] Checking services
2026-08-27 19:01:03.405       - [7] Checking services
2026-08-27 19:01:04.419       - [5] Checking services
2026-08-27 19:01:05.434       - [4] Checking services
2026-08-27 19:01:06.442       - [3] Checking services
2026-08-27 19:01:07.444       - [7] Checking services
2026-08-27 19:01:08.458       - [5] Checking services
2026-08-27 19:01:09.473       - [4] Checking services
2026-08-27 19:01:10.473       - [3] Checking services
2026-08-27 19:01:11.481       - [7] Checking services
2026-08-27 19:01:12.485       - [5] Checking services
2026-08-27 19:01:13.499       - [4] Checking services
2026-08-27 19:01:14.503       - [3] Checking services
2026-08-27 19:01:15.508       - [7] Checking services
2026-08-27 19:01:16.521       - [5] Checking services
2026-08-27 19:01:17.535       - [4] Checking services
2026-08-27 19:01:18.546       - [3] Checking services
2026-08-27 19:01:19.561       - [7] Checking services
2026-08-27 19:01:20.561       - [5] Checking services
2026-08-27 19:01:21.575       - [4] Checking services
2026-08-27 19:01:22.578       - [3] Checking services
2026-08-27 19:01:23.593       - [7] Checking services
2026-08-27 19:01:24.596       - [5] Checking services
2026-08-27 19:01:25.610       - [4] Checking services
2026-08-27 19:01:26.626       - [3] Checking services
2026-08-27 19:01:27.641       - [7] Checking services
2026-08-27 19:01:28.656       - [5] Checking services
2026-08-27 19:01:29.671       - [4] Checking services
2026-08-27 19:01:30.672       - [3] Checking services
2026-08-27 19:01:31.673       - [7] Checking services
2026-08-27 19:01:32.677       - [5] Checking services
2026-08-27 19:01:33.691       - [4] Checking services
2026-08-27 19:01:34.703       - [3] Checking services
2026-08-27 19:01:35.717       - [7] Checking services
2026-08-27 19:01:36.721       - [5] Checking services
2026-08-27 19:01:37.723       - [4] Checking services
2026-08-27 19:01:38.734       - [3] Checking services
2026-08-27 19:01:39.749       - [7] Checking services
2026-08-27 19:01:40.764       - [5] Checking services
2026-08-27 19:01:41.765       - [4] Checking services
2026-08-27 19:01:42.778       - [3] Checking services
2026-08-27 19:01:43.779       - [7] Checking services
2026-08-27 19:01:44.783       - [5] Checking services
2026-08-27 19:01:45.796       - [4] Checking services
2026-08-27 19:01:46.797       - [3] Checking services
2026-08-27 19:01:47.809       - [7] Checking services
2026-08-27 19:01:48.812       - [5] Checking services
2026-08-27 19:01:49.827       - [4] Checking services
2026-08-27 19:01:50.842       - [3] Checking services
2026-08-27 19:01:51.843       - [7] Checking services
2026-08-27 19:01:52.857       - [5] Checking services
2026-08-27 19:01:53.861       - [4] Checking services
2026-08-27 19:01:54.875       - [3] Checking services
2026-08-27 19:01:55.878       - [7] Checking services
2026-08-27 19:01:56.892       - [5] Checking services
2026-08-27 19:01:57.892       - [4] Checking services
2026-08-27 19:01:58.905       - [3] Checking services
2026-08-27 19:01:59.917       - [7] Checking services
2026-08-27 19:02:00.931       - [5] Checking services
2026-08-27 19:02:01.938       - [4] Checking services
2026-08-27 19:02:02.950       - [3] Checking services
2026-08-27 19:02:03.965       - [7] Checking services
2026-08-27 19:02:04.980       - [5] Checking services
2026-08-27 19:02:05.983       - [4] Checking services
2026-08-27 19:02:06.984       - [3] Checking services
2026-08-27 19:02:07.999       - [7] Checking services
2026-08-27 19:02:09.013       - [5] Checking services
2026-08-27 19:02:10.015       - [4] Checking services
2026-08-27 19:02:11.017       - [3] Checking services
2026-08-27 19:02:12.019       - [7] Checking services
2026-08-27 19:02:13.020       - [5] Checking services
2026-08-27 19:02:14.022       - [4] Checking services
2026-08-27 19:02:15.036       - [3] Checking services
2026-08-27 19:02:16.038       - [7] Checking services
2026-08-27 19:02:17.051       - [5] Checking services
2026-08-27 19:02:18.064       - [4] Checking services
2026-08-27 19:02:19.074       - [3] Checking services
2026-08-27 19:02:20.089       - [7] Checking services
2026-08-27 19:02:21.092       - [5] Checking services
2026-08-27 19:02:22.108       - [4] Checking services
2026-08-27 19:02:23.108       - [3] Checking services
2026-08-27 19:02:24.123       - [7] Checking services
2026-08-27 19:02:25.126       - [5] Checking services
2026-08-27 19:02:26.139       - [3] Checking services
2026-08-27 19:02:27.140       - [7] Checking services
2026-08-27 19:02:28.140       - [5] Checking services
2026-08-27 19:02:29.155       - [4] Checking services
2026-08-27 19:02:30.171       - [3] Checking services
2026-08-27 19:02:31.183       - [7] Checking services
2026-08-27 19:02:32.199       - [5] Checking services
2026-08-27 19:02:33.201       - [4] Checking services
2026-08-27 19:02:34.202       - [3] Checking services
2026-08-27 19:02:35.203       - [7] Checking services
2026-08-27 19:02:36.218       - [5] Checking services
2026-08-27 19:02:37.228       - [4] Checking services
2026-08-27 19:02:38.229       - [3] Checking services
2026-08-27 19:02:39.243       - [7] Checking services
2026-08-27 19:02:40.254       - [5] Checking services
2026-08-27 19:02:41.266       - [4] Checking services
2026-08-27 19:02:42.266       - [3] Checking services
2026-08-27 19:02:43.282       - [7] Checking services
2026-08-27 19:02:44.297       - [5] Checking services
2026-08-27 19:02:45.302       - [4] Checking services
2026-08-27 19:02:46.304       - [3] Checking services
2026-08-27 19:02:47.317       - [7] Checking services
2026-08-27 19:02:48.318       - [5] Checking services
2026-08-27 19:02:49.333       - [4] Checking services
2026-08-27 19:02:50.347       - [3] Checking services
2026-08-27 19:02:51.361       - [7] Checking services
2026-08-27 19:02:52.375       - [5] Checking services
2026-08-27 19:02:53.390       - [4] Checking services
2026-08-27 19:02:54.391       - [3] Checking services
2026-08-27 19:02:55.401       - [7] Checking services
2026-08-27 19:02:56.403       - [5] Checking services
2026-08-27 19:02:57.418       - [4] Checking services
2026-08-27 19:02:58.433       - [3] Checking services
2026-08-27 19:02:59.437       - [7] Checking services
2026-08-27 19:03:00.451       - [5] Checking services
2026-08-27 19:03:01.453       - [4] Checking services
2026-08-27 19:03:02.468       - [3] Checking services
2026-08-27 19:03:03.482       - [7] Checking services
2026-08-27 19:03:04.497       - [5] Checking services
2026-08-27 19:03:05.499       - [4] Checking services
2026-08-27 19:03:06.513       - [3] Checking services
2026-08-27 19:03:07.513       - [7] Checking services
2026-08-27 19:03:08.528       - [5] Checking services
2026-08-27 19:03:09.530       - [4] Checking services
2026-08-27 19:03:10.533       - [3] Checking services
2026-08-27 19:03:11.547       - [7] Checking services
2026-08-27 19:03:12.548       - [5] Checking services
2026-08-27 19:03:13.550       - [4] Checking services
2026-08-27 19:03:14.565       - [3] Checking services
2026-08-27 19:03:15.577       - [7] Checking services
2026-08-27 19:03:16.593       - [5] Checking services
2026-08-27 19:03:17.607       - [4] Checking services
2026-08-27 19:03:18.608       - [3] Checking services
2026-08-27 19:03:19.621       - [7] Checking services
2026-08-27 19:03:20.624       - [5] Checking services
2026-08-27 19:03:21.628       - [4] Checking services
2026-08-27 19:03:22.629       - [3] Checking services
2026-08-27 19:03:23.631       - [7] Checking services
2026-08-27 19:03:24.645       - [5] Checking services
2026-08-27 19:03:25.657       - [4] Checking services
2026-08-27 19:03:26.672       - [3] Checking services
2026-08-27 19:03:27.678       - [7] Checking services
2026-08-27 19:03:28.692       - [5] Checking services
2026-08-27 19:03:29.695       - [4] Checking services
2026-08-27 19:03:30.706       - [3] Checking services
2026-08-27 19:03:31.707       - [7] Checking services
2026-08-27 19:03:32.708       - [5] Checking services
2026-08-27 19:03:33.723       - [4] Checking services
2026-08-27 19:03:34.737       - [3] Checking services
2026-08-27 19:03:35.750       - [7] Checking services
2026-08-27 19:03:36.764       - [5] Checking services
2026-08-27 19:03:37.777       - [4] Checking services
2026-08-27 19:03:38.778       - [3] Checking services
2026-08-27 19:03:39.779       - [7] Checking services
2026-08-27 19:03:40.781       - [5] Checking services
2026-08-27 19:03:41.793       - [4] Checking services
2026-08-27 19:03:42.797       - [3] Checking services
2026-08-27 19:03:43.810       - [7] Checking services
2026-08-27 19:03:44.825       - [5] Checking services
2026-08-27 19:03:45.826       - [4] Checking services
2026-08-27 19:03:46.837       - [3] Checking services
2026-08-27 19:03:47.850       - [7] Checking services
2026-08-27 19:03:48.859       - [5] Checking services
2026-08-27 19:03:49.872       - [4] Checking services
2026-08-27 19:03:50.886       - [3] Checking services
2026-08-27 19:03:51.887       - [7] Checking services
2026-08-27 19:03:52.889       - [5] Checking services
2026-08-27 19:03:53.890       - [4] Checking services
2026-08-27 19:03:54.904       - [3] Checking services
2026-08-27 19:03:55.905       - [7] Checking services
2026-08-27 19:03:56.918       - [5] Checking services
2026-08-27 19:03:57.919       - [4] Checking services
2026-08-27 19:03:58.929       - [3] Checking services
2026-08-27 19:03:59.943       - [7] Checking services
2026-08-27 19:04:00.955       - [5] Checking services
2026-08-27 19:04:01.968       - [4] Checking services
2026-08-27 19:04:02.979       - [7] Checking services
2026-08-27 19:04:03.985       - [5] Checking services
2026-08-27 19:04:04.991       - [4] Checking services
2026-08-27 19:04:05.998       - [3] Checking services
2026-08-27 19:04:07.013       - [7] Checking services
2026-08-27 19:04:08.028       - [5] Checking services
2026-08-27 19:04:09.042       - [4] Checking services
2026-08-27 19:04:10.045       - [3] Checking services
2026-08-27 19:04:11.060       - [7] Checking services
2026-08-27 19:04:12.073       - [5] Checking services
2026-08-27 19:04:13.077       - [4] Checking services
2026-08-27 19:04:14.091       - [3] Checking services
2026-08-27 19:04:15.092       - [7] Checking services
2026-08-27 19:04:16.107       - [5] Checking services
2026-08-27 19:04:17.122       - [4] Checking services
2026-08-27 19:04:18.124       - [3] Checking services
2026-08-27 19:04:19.125       - [7] Checking services
2026-08-27 19:04:20.140       - [5] Checking services
2026-08-27 19:04:21.154       - [4] Checking services
2026-08-27 19:04:22.167       - [3] Checking services
2026-08-27 19:04:23.171       - [7] Checking services
2026-08-27 19:04:24.186       - [5] Checking services
2026-08-27 19:04:25.187       - [4] Checking services
2026-08-27 19:04:26.196       - [3] Checking services
2026-08-27 19:04:27.197       - [7] Checking services
2026-08-27 19:04:28.209       - [5] Checking services
2026-08-27 19:04:29.220       - [4] Checking services
2026-08-27 19:04:30.231       - [3] Checking services
2026-08-27 19:04:31.232       - [7] Checking services
2026-08-27 19:04:32.233       - [5] Checking services
2026-08-27 19:04:33.244       - [4] Checking services
2026-08-27 19:04:34.258       - [3] Checking services
2026-08-27 19:04:35.273       - [7] Checking services
2026-08-27 19:04:36.285       - [5] Checking services
2026-08-27 19:04:37.297       - [4] Checking services
2026-08-27 19:04:38.310       - [3] Checking services
2026-08-27 19:04:39.323       - [7] Checking services
2026-08-27 19:04:40.325       - [5] Checking services
2026-08-27 19:04:41.326       - [4] Checking services
2026-08-27 19:04:42.328       - [3] Checking services
2026-08-27 19:04:43.331       - [7] Checking services
2026-08-27 19:04:44.343       - [5] Checking services
2026-08-27 19:04:45.358       - [4] Checking services
2026-08-27 19:04:46.374       - [3] Checking services
2026-08-27 19:04:47.386       - [7] Checking services
2026-08-27 19:04:48.398       - [5] Checking services
2026-08-27 19:04:49.399       - [4] Checking services
2026-08-27 19:04:50.401       - [3] Checking services
2026-08-27 19:04:51.405       - [7] Checking services
2026-08-27 19:04:52.410       - [5] Checking services
2026-08-27 19:04:53.423       - [4] Checking services
2026-08-27 19:04:54.439       - [3] Checking services
2026-08-27 19:04:55.452       - [7] Checking services
2026-08-27 19:04:56.453       - [5] Checking services
2026-08-27 19:04:57.459       - [4] Checking services
2026-08-27 19:04:58.473       - [3] Checking services
2026-08-27 19:04:59.488       - [7] Checking services
2026-08-27 19:05:00.503       - [5] Checking services
2026-08-27 19:05:01.527       - [4] Checking services
2026-08-27 19:05:02.557       - [3] Checking services
2026-08-27 19:05:03.562       - [7] Checking services
2026-08-27 19:05:04.565       - [5] Checking services
2026-08-27 19:05:05.577       - [4] Checking services
2026-08-27 19:05:06.591       - [3] Checking services
2026-08-27 19:05:07.607       - [7] Checking services
2026-08-27 19:05:08.622       - [5] Checking services
2026-08-27 19:05:09.638       - [4] Checking services
2026-08-27 19:05:10.642       - [3] Checking services
2026-08-27 19:05:11.656       - [7] Checking services
2026-08-27 19:05:12.670       - [5] Checking services
2026-08-27 19:05:13.672       - [4] Checking services
2026-08-27 19:05:14.682       - [3] Checking services
2026-08-27 19:05:15.695       - [7] Checking services
2026-08-27 19:05:16.701       - [5] Checking services
2026-08-27 19:05:17.717       - [4] Checking services
2026-08-27 19:05:18.733       - [3] Checking services
2026-08-27 19:05:19.748       - [7] Checking services
2026-08-27 19:05:20.750       - [5] Checking services
2026-08-27 19:05:21.762       - [4] Checking services
2026-08-27 19:05:22.766       - [3] Checking services
2026-08-27 19:05:23.779       - [7] Checking services
2026-08-27 19:05:24.795       - [5] Checking services
2026-08-27 19:05:25.807       - [4] Checking services
2026-08-27 19:05:26.822       - [3] Checking services
2026-08-27 19:05:27.836       - [7] Checking services
2026-08-27 19:05:28.847       - [5] Checking services
2026-08-27 19:05:29.850       - [4] Checking services
2026-08-27 19:05:30.862       - [3] Checking services
2026-08-27 19:05:31.863       - [7] Checking services
2026-08-27 19:05:32.873       - [5] Checking services
2026-08-27 19:05:33.875       - [4] Checking services
2026-08-27 19:05:34.890       - [3] Checking services
2026-08-27 19:05:35.890       - [7] Checking services
2026-08-27 19:05:36.905       - [5] Checking services
2026-08-27 19:05:37.920       - [4] Checking services
2026-08-27 19:05:38.920       - [3] Checking services
2026-08-27 19:05:39.935       - [5] Checking services
2026-08-27 19:05:40.936       - [4] Checking services
2026-08-27 19:05:41.948       - [3] Checking services
2026-08-27 19:05:42.949       - [7] Checking services
2026-08-27 19:05:43.961       - [5] Checking services
2026-08-27 19:05:44.976       - [4] Checking services
2026-08-27 19:05:45.990       - [3] Checking services
2026-08-27 19:05:46.991       - [7] Checking services
2026-08-27 19:05:48.007       - [5] Checking services
2026-08-27 19:05:49.011       - [4] Checking services
2026-08-27 19:05:50.025       - [3] Checking services
2026-08-27 19:05:51.030       - [7] Checking services
2026-08-27 19:05:52.030       - [5] Checking services
2026-08-27 19:05:53.031       - [4] Checking services
2026-08-27 19:05:54.045       - [3] Checking services
2026-08-27 19:05:55.047       - [7] Checking services
2026-08-27 19:05:56.061       - [5] Checking services
2026-08-27 19:05:57.076       - [4] Checking services
2026-08-27 19:05:58.079       - [3] Checking services
2026-08-27 19:05:59.092       - [5] Checking services
2026-08-27 19:06:00.107       - [4] Checking services
2026-08-27 19:06:01.108       - [3] Checking services
2026-08-27 19:06:02.109       - [7] Checking services
2026-08-27 19:06:03.124       - [5] Checking services
2026-08-27 19:06:04.135       - [4] Checking services
2026-08-27 19:06:05.135       - [3] Checking services
2026-08-27 19:06:06.147       - [7] Checking services
2026-08-27 19:06:07.147       - [5] Checking services
2026-08-27 19:06:08.158       - [4] Checking services
2026-08-27 19:06:09.172       - [3] Checking services
2026-08-27 19:06:10.173       - [7] Checking services
2026-08-27 19:06:11.189       - [5] Checking services
2026-08-27 19:06:12.204       - [4] Checking services
2026-08-27 19:06:13.219       - [3] Checking services
2026-08-27 19:06:14.221       - [7] Checking services
2026-08-27 19:06:15.234       - [5] Checking services
2026-08-27 19:06:16.250       - [4] Checking services
2026-08-27 19:06:17.263       - [3] Checking services
2026-08-27 19:06:18.273       - [7] Checking services
2026-08-27 19:06:19.278       - [5] Checking services
2026-08-27 19:06:20.280       - [4] Checking services
2026-08-27 19:06:21.295       - [3] Checking services
2026-08-27 19:06:22.310       - [7] Checking services
2026-08-27 19:06:23.323       - [5] Checking services
2026-08-27 19:06:24.336       - [4] Checking services
2026-08-27 19:06:25.347       - [3] Checking services
2026-08-27 19:06:26.357       - [7] Checking services
2026-08-27 19:06:27.369       - [5] Checking services
2026-08-27 19:06:28.380       - [4] Checking services
2026-08-27 19:06:29.395       - [3] Checking services
2026-08-27 19:06:30.410       - [7] Checking services
2026-08-27 19:06:31.425       - [5] Checking services
2026-08-27 19:06:32.437       - [4] Checking services
2026-08-27 19:06:33.448       - [3] Checking services
2026-08-27 19:06:34.460       - [7] Checking services
2026-08-27 19:06:35.473       - [5] Checking services
2026-08-27 19:06:36.488       - [4] Checking services
2026-08-27 19:06:37.503       - [3] Checking services
2026-08-27 19:06:38.513       - [7] Checking services
2026-08-27 19:06:39.527       - [5] Checking services
2026-08-27 19:06:40.537       - [4] Checking services
2026-08-27 19:06:41.548       - [3] Checking services
2026-08-27 19:06:42.562       - [7] Checking services
2026-08-27 19:06:43.563       - [5] Checking services
2026-08-27 19:06:44.578       - [4] Checking services
2026-08-27 19:06:45.591       - [3] Checking services
2026-08-27 19:06:46.603       - [7] Checking services
2026-08-27 19:06:47.618       - [5] Checking services
2026-08-27 19:06:48.630       - [4] Checking services
2026-08-27 19:06:49.632       - [3] Checking services
2026-08-27 19:06:50.645       - [7] Checking services
2026-08-27 19:06:51.659       - [5] Checking services
2026-08-27 19:06:52.672       - [4] Checking services
2026-08-27 19:06:53.687       - [3] Checking services
2026-08-27 19:06:54.688       - [7] Checking services
2026-08-27 19:06:55.703       - [5] Checking services
2026-08-27 19:06:56.716       - [4] Checking services
2026-08-27 19:06:57.729       - [3] Checking services
2026-08-27 19:06:58.734       - [7] Checking services
2026-08-27 19:06:59.740       - [5] Checking services
2026-08-27 19:07:00.741       - [4] Checking services
2026-08-27 19:07:01.745       - [3] Checking services
2026-08-27 19:07:02.756       - [7] Checking services
2026-08-27 19:07:03.771       - [5] Checking services
2026-08-27 19:07:04.773       - [4] Checking services
2026-08-27 19:07:05.785       - [3] Checking services
2026-08-27 19:07:06.796       - [7] Checking services
2026-08-27 19:07:07.810       - [5] Checking services
2026-08-27 19:07:08.823       - [4] Checking services
2026-08-27 19:07:09.826       - [3] Checking services
2026-08-27 19:07:10.838       - [7] Checking services
2026-08-27 19:07:11.853       - [5] Checking services
2026-08-27 19:07:12.863       - [4] Checking services
2026-08-27 19:07:13.873       - [3] Checking services
2026-08-27 19:07:14.887       - [7] Checking services
2026-08-27 19:07:15.888       - [5] Checking services
2026-08-27 19:07:16.899       - [3] Checking services
2026-08-27 19:07:17.913       - [7] Checking services
2026-08-27 19:07:18.926       - [5] Checking services
2026-08-27 19:07:19.937       - [4] Checking services
2026-08-27 19:07:20.951       - [3] Checking services
2026-08-27 19:07:21.963       - [7] Checking services
2026-08-27 19:07:22.978       - [5] Checking services
2026-08-27 19:07:23.991       - [4] Checking services
2026-08-27 19:07:25.001       - [3] Checking services
2026-08-27 19:07:26.015       - [5] Checking services
2026-08-27 19:07:27.028       - [4] Checking services
2026-08-27 19:07:28.042       - [3] Checking services
2026-08-27 19:07:29.047       - [7] Checking services
2026-08-27 19:07:30.061       - [5] Checking services
2026-08-27 19:07:31.075       - [4] Checking services
2026-08-27 19:07:32.081       - [3] Checking services
2026-08-27 19:07:33.082       - [7] Checking services
2026-08-27 19:07:34.098       - [5] Checking services
2026-08-27 19:07:35.113       - [4] Checking services
2026-08-27 19:07:36.113       - [3] Checking services
2026-08-27 19:07:37.116       - [7] Checking services
2026-08-27 19:07:38.132       - [5] Checking services
2026-08-27 19:07:39.140       - [4] Checking services
2026-08-27 19:07:40.155       - [3] Checking services
2026-08-27 19:07:41.157       - [7] Checking services
2026-08-27 19:07:42.170       - [5] Checking services
2026-08-27 19:07:43.171       - [4] Checking services
2026-08-27 19:07:44.183       - [3] Checking services
2026-08-27 19:07:45.195       - [7] Checking services
2026-08-27 19:07:46.206       - [5] Checking services
2026-08-27 19:07:47.209       - [4] Checking services
2026-08-27 19:07:48.217       - [3] Checking services
2026-08-27 19:07:49.229       - [7] Checking services
2026-08-27 19:07:50.230       - [5] Checking services
2026-08-27 19:07:51.232       - [4] Checking services
2026-08-27 19:07:52.236       - [3] Checking services
2026-08-27 19:07:53.236       - [7] Checking services
2026-08-27 19:07:54.239       - [5] Checking services
2026-08-27 19:07:55.254       - [4] Checking services
2026-08-27 19:07:56.255       - [3] Checking services
2026-08-27 19:07:57.267       - [7] Checking services
2026-08-27 19:07:58.282       - [5] Checking services
2026-08-27 19:07:59.296       - [4] Checking services
2026-08-27 19:08:00.312       - [3] Checking services
2026-08-27 19:08:01.325       - [7] Checking services
2026-08-27 19:08:02.338       - [5] Checking services
2026-08-27 19:08:03.341       - [4] Checking services
2026-08-27 19:08:04.356       - [3] Checking services
2026-08-27 19:08:05.371       - [7] Checking services
2026-08-27 19:08:06.375       - [5] Checking services
2026-08-27 19:08:07.388       - [4] Checking services
2026-08-27 19:08:08.404       - [3] Checking services
2026-08-27 19:08:09.416       - [7] Checking services
2026-08-27 19:08:10.431       - [5] Checking services
2026-08-27 19:08:11.433       - [4] Checking services
2026-08-27 19:08:12.448       - [3] Checking services
2026-08-27 19:08:13.462       - [7] Checking services
2026-08-27 19:08:14.478       - [5] Checking services
2026-08-27 19:08:15.493       - [4] Checking services
2026-08-27 19:08:16.494       - [3] Checking services
2026-08-27 19:08:17.494       - [7] Checking services
2026-08-27 19:08:18.509       - [5] Checking services
2026-08-27 19:08:19.522       - [3] Checking services
2026-08-27 19:08:20.537       - [7] Checking services
2026-08-27 19:08:21.538       - [5] Checking services
2026-08-27 19:08:22.553       - [4] Checking services
2026-08-27 19:08:23.567       - [3] Checking services
2026-08-27 19:08:24.580       - [7] Checking services
2026-08-27 19:08:25.591       - [5] Checking services
2026-08-27 19:08:26.606       - [4] Checking services
2026-08-27 19:08:27.620       - [3] Checking services
2026-08-27 19:08:28.630       - [7] Checking services
2026-08-27 19:08:29.645       - [5] Checking services
2026-08-27 19:08:30.659       - [4] Checking services
2026-08-27 19:08:31.674       - [3] Checking services
2026-08-27 19:08:32.689       - [7] Checking services
2026-08-27 19:08:33.690       - [5] Checking services
2026-08-27 19:08:34.690       - [4] Checking services
2026-08-27 19:08:35.691       - [3] Checking services
2026-08-27 19:08:36.702       - [7] Checking services
2026-08-27 19:08:37.717       - [5] Checking services
2026-08-27 19:08:38.732       - [4] Checking services
2026-08-27 19:08:39.746       - [3] Checking services
2026-08-27 19:08:40.761       - [7] Checking services
2026-08-27 19:08:41.776       - [5] Checking services
2026-08-27 19:08:42.779       - [4] Checking services
2026-08-27 19:08:43.790       - [3] Checking services
2026-08-27 19:08:44.802       - [7] Checking services
2026-08-27 19:08:45.803       - [5] Checking services
2026-08-27 19:08:46.811       - [4] Checking services
2026-08-27 19:08:47.826       - [3] Checking services
2026-08-27 19:09:24.671 ***   Cronical booting up
2026-08-27 19:09:24.694       Starting Cronical as a service...
2026-08-27 19:09:24.697 ***   [4] Process startup
2026-08-27 19:09:24.697       [4] Using definition file cronical.dat
2026-08-27 19:09:24.739       - [4] Next job start 28/08/2026 05:30:00 for cmd /c C:\Git\git-bash.exe D:\script_ossigeno\upload_to_v2.sh
2026-08-27 19:09:24.744       - [4] Next job start 28/08/2026 06:00:00 for cmd /c C:\Git\git-bash.exe D:\script_ossigeno\upload_to_v1.sh
2026-08-27 19:09:24.745       [4] Config: Run missed jobs on startup = False
2026-08-27 19:09:24.745       [4] Config: Check services every       = 0 seconds (constantly)
2026-08-27 19:09:24.745       [4] Config: Terminate cron jobs after  = 86400 seconds
2026-08-27 19:09:24.748       [4] 2 jobs in job list
2026-08-27 19:09:24.749       - [4] Starting boot jobs
2026-08-27 19:09:25.767       - [5] Checking services
2026-08-27 19:09:25.769       [5] Hello! I have 0 upcoming jobs today and 0 services running.
2026-08-27 19:09:26.769       - [4] Checking services
2026-08-27 19:09:27.774       - [5] Checking services
2026-08-27 19:09:28.784       - [4] Checking services
2026-08-27 19:09:29.794       - [5] Checking services
2026-08-27 19:09:30.804       - [4] Checking services
2026-08-27 19:09:31.810       - [5] Checking services
2026-08-27 19:09:32.844       - [4] Checking services
2026-08-27 19:09:33.848       - [5] Checking services
2026-08-27 19:09:34.863       - [4] Checking services
2026-08-27 19:09:35.878       - [5] Checking services
2026-08-27 19:09:36.892       - [4] Checking services
2026-08-27 19:09:37.898       - [5] Checking services
2026-08-27 19:09:38.904       - [4] Checking services
2026-08-27 19:09:39.912       - [5] Checking services
2026-08-27 19:09:40.924       - [4] Checking services
2026-08-27 19:09:41.926       - [5] Checking services
2026-08-27 19:09:42.933       - [4] Checking services
2026-08-27 19:09:43.944       - [5] Checking services
2026-08-27 19:09:44.958       - [4] Checking services
2026-08-27 19:09:45.959       - [5] Checking services
2026-08-27 19:09:46.973       - [5] Checking services
2026-08-27 19:09:47.987       - [4] Checking services
2026-08-27 19:09:48.990       - [5] Checking services
2026-08-27 19:09:50.001       - [4] Checking services
2026-08-27 19:09:51.007       - [5] Checking services
2026-08-27 19:09:52.022       - [4] Checking services
2026-08-27 19:09:53.023       - [5] Checking services
2026-08-27 19:09:54.029       - [4] Checking services
2026-08-27 19:09:55.034       - [5] Checking services
2026-08-27 19:09:56.034       - [4] Checking services
2026-08-27 19:09:57.040       - [5] Checking services
2026-08-27 19:09:58.044       - [4] Checking services
2026-08-27 19:09:59.047       - [5] Checking services
2026-08-27 19:10:00.053       - [4] Checking services
2026-08-27 19:10:01.068       - [5] Checking services
2026-08-27 19:10:02.071       - [4] Checking services
2026-08-27 19:10:03.086       - [5] Checking services
2026-08-27 19:10:04.094       - [4] Checking services
2026-08-27 19:10:05.101       - [5] Checking services
2026-08-27 19:10:06.110       - [4] Checking services
2026-08-27 19:10:07.116       - [5] Checking services
2026-08-27 19:10:08.121       - [4] Checking services
2026-08-27 19:10:09.124       - [5] Checking services
2026-08-27 19:10:10.127       - [4] Checking services
2026-08-27 19:10:11.141       - [5] Checking services
2026-08-27 19:10:12.156       - [4] Checking services
2026-08-27 19:10:13.159       - [5] Checking services
2026-08-27 19:10:14.162       - [4] Checking services
2026-08-27 19:10:15.164       - [5] Checking services
2026-08-27 19:10:16.177       - [4] Checking services
2026-08-27 19:10:17.178       - [5] Checking services
2026-08-27 19:10:18.180       - [4] Checking services
2026-08-27 19:10:19.181       - [5] Checking services
2026-08-27 19:10:20.184       - [4] Checking services
2026-08-27 19:10:21.198       - [5] Checking services
2026-08-27 19:10:22.199       - [4] Checking services
2026-08-27 19:10:23.214       - [5] Checking services
2026-08-27 19:10:24.219       - [4] Checking services
2026-08-27 19:10:25.234       - [5] Checking services
2026-08-27 19:10:26.250       - [4] Checking services
2026-08-27 19:10:27.261       - [5] Checking services
2026-08-27 19:10:28.262       - [4] Checking services
2026-08-27 19:10:29.272       - [5] Checking services
2026-08-27 19:10:30.288       - [4] Checking services
2026-08-27 19:10:31.298       - [5] Checking services
2026-08-27 19:10:32.299       - [4] Checking services
2026-08-27 19:10:33.301       - [5] Checking services
2026-08-27 19:10:34.304       - [4] Checking services
2026-08-27 19:10:35.319       - [5] Checking services
2026-08-27 19:10:36.335       - [4] Checking services
2026-08-27 19:10:37.350       - [5] Checking services
2026-08-27 19:10:38.362       - [4] Checking services
2026-08-27 19:10:39.366       - [5] Checking services
2026-08-27 19:10:40.369       - [4] Checking services
2026-08-27 19:10:41.384       - [5] Checking services
2026-08-27 19:10:42.385       - [4] Checking services
2026-08-27 19:10:43.387       - [5] Checking services
2026-08-27 19:10:44.402       - [4] Checking services
2026-08-27 19:10:45.414       - [5] Checking services
2026-08-27 19:10:46.429       - [4] Checking services
2026-08-27 19:10:47.445       - [5] Checking services
2026-08-27 19:10:48.459       - [4] Checking services
2026-08-27 19:10:49.474       - [5] Checking services
2026-08-27 19:10:50.489       - [4] Checking services
2026-08-27 19:10:51.504       - [5] Checking services
2026-08-27 19:10:52.519       - [4] Checking services
2026-08-27 19:10:53.521       - [5] Checking services
2026-08-27 19:10:54.526       - [4] Checking services
2026-08-27 19:10:55.539       - [5] Checking services
2026-08-27 19:10:56.540       - [4] Checking services
2026-08-27 19:10:57.541       - [5] Checking services
2026-08-27 19:10:58.544       - [4] Checking services
2026-08-27 19:10:59.546       - [5] Checking services
2026-08-27 19:11:00.560       - [4] Checking services
2026-08-27 19:11:01.562       - [5] Checking services
2026-08-27 19:11:02.573       - [4] Checking services
2026-08-27 19:11:03.586       - [5] Checking services
2026-08-27 19:11:04.602       - [4] Checking services
2026-08-27 19:11:05.614       - [5] Checking services
2026-08-27 19:11:06.628       - [4] Checking services
2026-08-27 19:11:07.640       - [5] Checking services
2026-08-27 19:11:08.656       - [4] Checking services
2026-08-27 19:11:09.670       - [5] Checking services
2026-08-27 19:11:10.681       - [4] Checking services
2026-08-27 19:11:11.685       - [5] Checking services
2026-08-27 19:11:12.698       - [4] Checking services
2026-08-27 19:11:13.711       - [5] Checking services
2026-08-27 19:11:14.711       - [4] Checking services
2026-08-27 19:11:15.725       - [5] Checking services
2026-08-27 19:11:16.738       - [4] Checking services
2026-08-27 19:11:17.752       - [5] Checking services
2026-08-27 19:11:18.766       - [4] Checking services
2026-08-27 19:11:19.781       - [5] Checking services
2026-08-27 19:11:20.794       - [4] Checking services
2026-08-27 19:11:21.798       - [5] Checking services
2026-08-27 19:11:22.801       - [4] Checking services
2026-08-27 19:11:23.803       - [4] Checking services
2026-08-27 19:11:24.818       - [5] Checking services
2026-08-27 19:11:25.825       - [4] Checking services
2026-08-27 19:11:26.837       - [5] Checking services
2026-08-27 19:11:27.841       - [4] Checking services
2026-08-27 19:11:28.852       - [5] Checking services
2026-08-27 19:11:29.853       - [4] Checking services
2026-08-27 19:11:30.866       - [5] Checking services
2026-08-27 19:11:31.882       - [4] Checking services
2026-08-27 19:11:32.885       - [5] Checking services
2026-08-27 19:11:33.896       - [4] Checking services
2026-08-27 19:11:34.925       - [4] Checking services
2026-08-27 19:11:35.943       - [5] Checking services
2026-08-27 19:11:36.957       - [4] Checking services
2026-08-27 19:11:37.972       - [5] Checking services
2026-08-27 19:11:38.974       - [4] Checking services
2026-08-27 19:11:39.975       - [5] Checking services
2026-08-27 19:11:40.988       - [4] Checking services
2026-08-27 19:11:42.000       - [5] Checking services
2026-08-27 19:11:43.015       - [4] Checking services
2026-08-27 19:11:44.016       - [5] Checking services
2026-08-27 19:11:45.020       - [4] Checking services
2026-08-27 19:11:46.033       - [5] Checking services
2026-08-27 19:11:47.048       - [4] Checking services
2026-08-27 19:11:48.062       - [5] Checking services
2026-08-27 19:11:49.068       - [4] Checking services
2026-08-27 19:11:50.070       - [5] Checking services
2026-08-27 19:11:51.085       - [4] Checking services
2026-08-27 19:11:52.086       - [5] Checking services
2026-08-27 19:11:53.087       - [4] Checking services
2026-08-27 19:11:54.102       - [5] Checking services
2026-08-27 19:11:55.104       - [4] Checking services
2026-08-27 19:11:56.111       - [5] Checking services
2026-08-27 19:11:57.124       - [4] Checking services
2026-08-27 19:11:58.137       - [5] Checking services
2026-08-27 19:11:59.151       - [4] Checking services
2026-08-27 19:12:00.165       - [5] Checking services
2026-08-27 19:12:01.180       - [4] Checking services
2026-08-27 19:12:02.196       - [5] Checking services
2026-08-27 19:12:03.199       - [4] Checking services
2026-08-27 19:12:04.212       - [5] Checking services
2026-08-27 19:12:05.227       - [4] Checking services
2026-08-27 19:12:06.242       - [5] Checking services
2026-08-27 19:12:07.244       - [4] Checking services
2026-08-27 19:12:08.349       - [5] Checking services
2026-08-27 19:12:09.356       - [4] Checking services
2026-08-27 19:12:10.369       - [5] Checking services
2026-08-27 19:12:11.379       - [4] Checking services
2026-08-27 19:12:12.382       - [5] Checking services
2026-08-27 19:12:13.389       - [4] Checking services
2026-08-27 19:12:14.405       - [5] Checking services
2026-08-27 19:12:15.420       - [4] Checking services
2026-08-27 19:12:16.431       - [5] Checking services
2026-08-27 19:12:17.444       - [4] Checking services
2026-08-27 19:12:18.445       - [5] Checking services
2026-08-27 19:12:19.458       - [4] Checking services
2026-08-27 19:12:20.461       - [5] Checking services
2026-08-27 19:12:21.462       - [4] Checking services
2026-08-27 19:12:22.464       - [5] Checking services
2026-08-27 19:12:23.474       - [4] Checking services
2026-08-27 19:12:24.476       - [5] Checking services
2026-08-27 19:12:25.477       - [4] Checking services
2026-08-27 19:12:26.491       - [5] Checking services
2026-08-27 19:12:27.501       - [4] Checking services
2026-08-27 19:12:28.517       - [5] Checking services
2026-08-27 19:12:29.532       - [4] Checking services
2026-08-27 19:12:30.545       - [5] Checking services
2026-08-27 19:12:31.559       - [4] Checking services
2026-08-27 19:12:32.563       - [5] Checking services
2026-08-27 19:12:33.567       - [4] Checking services
2026-08-27 19:12:34.580       - [5] Checking services
2026-08-27 19:12:35.581       - [4] Checking services
2026-08-27 19:12:36.592       - [5] Checking services
2026-08-27 19:12:37.606       - [4] Checking services
2026-08-27 19:12:38.620       - [5] Checking services
2026-08-27 19:12:39.622       - [5] Checking services
2026-08-27 19:12:40.636       - [4] Checking services
2026-08-27 19:12:41.648       - [5] Checking services
2026-08-27 19:12:42.656       - [4] Checking services
2026-08-27 19:12:43.669       - [5] Checking services
2026-08-27 19:12:44.672       - [4] Checking services
2026-08-27 19:12:45.688       - [5] Checking services
2026-08-27 19:12:46.702       - [4] Checking services
2026-08-27 19:12:47.703       - [5] Checking services
2026-08-27 19:12:48.704       - [4] Checking services
2026-08-27 19:12:49.708       - [5] Checking services
2026-08-27 19:12:50.720       - [4] Checking services
2026-08-27 19:12:51.721       - [5] Checking services
2026-08-27 19:12:52.722       - [4] Checking services
2026-08-27 19:12:53.731       - [5] Checking services
2026-08-27 19:12:54.744       - [4] Checking services
2026-08-27 19:12:55.759       - [5] Checking services
2026-08-27 19:12:56.773       - [4] Checking services
2026-08-27 19:12:57.789       - [5] Checking services
2026-08-27 19:12:58.797       - [4] Checking services
2026-08-27 19:12:59.802       - [5] Checking services
2026-08-27 19:13:00.804       - [5] Checking services
2026-08-27 19:13:01.805       - [4] Checking services
2026-08-27 19:13:02.808       - [5] Checking services
2026-08-27 19:13:03.809       - [4] Checking services
2026-08-27 19:13:04.821       - [5] Checking services
2026-08-27 19:13:05.822       - [4] Checking services
2026-08-27 19:13:06.823       - [5] Checking services
2026-08-27 19:13:07.824       - [5] Checking services
2026-08-27 19:13:08.836       - [4] Checking services
2026-08-27 19:13:09.838       - [5] Checking services
2026-08-27 19:13:10.842       - [4] Checking services
2026-08-27 19:13:11.845       - [5] Checking services
2026-08-27 19:13:12.860       - [4] Checking services
2026-08-27 19:13:13.875       - [5] Checking services
2026-08-27 19:13:14.890       - [4] Checking services
2026-08-27 19:13:15.896       - [5] Checking services
2026-08-27 19:13:16.911       - [4] Checking services
2026-08-27 19:13:17.924       - [5] Checking services
2026-08-27 19:13:18.937       - [4] Checking services
2026-08-27 19:13:19.938       - [5] Checking services
2026-08-27 19:13:20.952       - [4] Checking services
2026-08-27 19:13:21.967       - [5] Checking services
2026-08-27 19:13:22.980       - [4] Checking services
2026-08-27 19:13:23.995       - [5] Checking services
2026-08-27 19:13:25.009       - [4] Checking services
2026-08-27 19:13:26.022       - [5] Checking services
2026-08-27 19:13:27.022       - [4] Checking services
2026-08-27 19:13:28.023       - [5] Checking services
2026-08-27 19:13:29.038       - [4] Checking services
2026-08-27 19:13:30.043       - [5] Checking services
2026-08-27 19:13:31.058       - [4] Checking services
2026-08-27 19:13:32.070       - [5] Checking services
2026-08-27 19:13:33.073       - [4] Checking services
2026-08-27 19:13:34.088       - [5] Checking services
2026-08-27 19:13:35.088       - [4] Checking services
2026-08-27 19:13:36.089       - [5] Checking services
2026-08-27 19:13:37.104       - [4] Checking services
2026-08-27 19:13:38.118       - [5] Checking services
2026-08-27 19:13:39.119       - [4] Checking services
2026-08-27 19:13:40.134       - [5] Checking services
2026-08-27 19:13:41.137       - [4] Checking services
2026-08-27 19:13:42.148       - [5] Checking services
2026-08-27 19:13:43.151       - [4] Checking services
2026-08-27 19:13:44.153       - [5] Checking services
2026-08-27 19:13:45.156       - [4] Checking services
2026-08-27 19:13:46.170       - [5] Checking services
2026-08-27 19:13:47.182       - [4] Checking services
2026-08-27 19:13:48.197       - [5] Checking services
2026-08-27 19:13:49.212       - [4] Checking services
2026-08-27 19:13:50.227       - [5] Checking services
2026-08-27 19:13:51.242       - [4] Checking services
2026-08-27 19:13:52.257       - [5] Checking services
2026-08-27 19:13:53.267       - [4] Checking services
2026-08-27 19:13:54.279       - [5] Checking services
2026-08-27 19:13:55.290       - [4] Checking services
2026-08-27 19:13:56.306       - [5] Checking services
2026-08-27 19:13:57.320       - [4] Checking services
2026-08-27 19:13:58.335       - [5] Checking services
2026-08-27 19:13:59.340       - [4] Checking services
2026-08-27 19:14:00.353       - [5] Checking services
2026-08-27 19:14:01.354       - [4] Checking services
2026-08-27 19:14:02.369       - [5] Checking services
2026-08-27 19:14:03.369       - [4] Checking services
2026-08-27 19:14:04.378       - [5] Checking services
2026-08-27 19:14:05.393       - [4] Checking services
2026-08-27 19:14:06.407       - [5] Checking services
2026-08-27 19:14:07.409       - [4] Checking services
2026-08-27 19:14:08.414       - [5] Checking services
2026-08-27 19:14:09.418       - [4] Checking services
2026-08-27 19:14:10.431       - [5] Checking services
2026-08-27 19:14:11.434       - [4] Checking services
2026-08-27 19:14:12.448       - [5] Checking services
2026-08-27 19:14:13.464       - [4] Checking services
2026-08-27 19:14:14.465       - [5] Checking services
2026-08-27 19:14:15.478       - [4] Checking services
2026-08-27 19:14:16.479       - [5] Checking services
2026-08-27 19:14:17.480       - [4] Checking services
2026-08-27 19:14:18.484       - [5] Checking services
2026-08-27 19:14:19.485       - [4] Checking services
2026-08-27 19:14:20.489       - [5] Checking services
2026-08-27 19:14:21.503       - [4] Checking services
2026-08-27 19:14:22.513       - [5] Checking services
2026-08-27 19:14:23.514       - [4] Checking services
2026-08-27 19:14:24.514       - [5] Checking services
2026-08-27 19:14:25.528       - [4] Checking services
2026-08-27 19:14:26.543       - [5] Checking services
2026-08-27 19:14:27.545       - [4] Checking services
2026-08-27 19:14:28.560       - [5] Checking services
2026-08-27 19:14:29.573       - [4] Checking services
2026-08-27 19:14:30.577       - [5] Checking services
2026-08-27 19:14:31.593       - [4] Checking services
2026-08-27 19:14:32.607       - [5] Checking services
2026-08-27 19:14:33.612       - [4] Checking services
2026-08-27 19:14:34.624       - [5] Checking services
2026-08-27 19:14:35.625       - [4] Checking services
2026-08-27 19:14:36.630       - [5] Checking services
2026-08-27 19:14:37.644       - [5] Checking services
2026-08-27 19:14:38.653       - [4] Checking services
2026-08-27 19:14:39.656       - [5] Checking services
2026-08-27 19:14:40.662       - [4] Checking services
2026-08-27 19:14:41.666       - [5] Checking services
2026-08-27 19:14:42.671       - [4] Checking services
2026-08-27 19:14:43.673       - [5] Checking services
2026-08-27 19:14:44.681       - [4] Checking services
2026-08-27 19:14:45.694       - [5] Checking services
2026-08-27 19:14:46.696       - [4] Checking services
2026-08-27 19:14:47.706       - [5] Checking services
2026-08-27 19:14:48.722       - [4] Checking services
2026-08-27 19:14:49.737       - [5] Checking services
2026-08-27 19:14:50.753       - [4] Checking services
2026-08-27 19:14:51.765       - [5] Checking services
2026-08-27 19:14:52.767       - [4] Checking services
2026-08-27 19:14:53.782       - [5] Checking services
2026-08-27 19:14:54.786       - [4] Checking services
2026-08-27 19:14:55.790       - [5] Checking services
2026-08-27 19:14:56.805       - [4] Checking services
2026-08-27 19:14:57.819       - [5] Checking services
2026-08-27 19:14:58.834       - [4] Checking services
2026-08-27 19:14:59.848       - [5] Checking services
2026-08-27 19:15:00.862       - [4] Checking services
2026-08-27 19:15:01.876       - [5] Checking services
2026-08-27 19:15:02.890       - [4] Checking services
2026-08-27 19:15:03.900       - [5] Checking services
2026-08-27 19:15:04.911       - [4] Checking services
2026-08-27 19:15:05.914       - [5] Checking services
2026-08-27 19:15:06.926       - [4] Checking services
2026-08-27 19:15:07.927       - [5] Checking services
2026-08-27 19:15:08.942       - [4] Checking services
2026-08-27 19:15:09.954       - [5] Checking services
2026-08-27 19:15:10.957       - [4] Checking services
2026-08-27 19:15:11.971       - [5] Checking services
2026-08-27 19:15:12.971       - [4] Checking services
2026-08-27 19:15:13.985       - [5] Checking services
2026-08-27 19:15:15.000       - [4] Checking services
2026-08-27 19:15:16.014       - [5] Checking services
2026-08-27 19:15:17.028       - [4] Checking services
2026-08-27 19:15:18.028       - [5] Checking services
2026-08-27 19:15:19.029       - [4] Checking services
2026-08-27 19:15:20.044       - [5] Checking services
2026-08-27 19:15:21.057       - [4] Checking services
2026-08-27 19:15:22.071       - [5] Checking services
2026-08-27 19:15:23.081       - [4] Checking services
2026-08-27 19:15:24.083       - [5] Checking services
2026-08-27 19:15:25.096       - [4] Checking services
2026-08-27 19:15:26.111       - [5] Checking services
2026-08-27 19:15:27.112       - [4] Checking services
2026-08-27 19:15:28.113       - [5] Checking services
2026-08-27 19:15:29.127       - [4] Checking services
2026-08-27 19:15:30.129       - [5] Checking services
2026-08-27 19:15:31.130       - [4] Checking services
2026-08-27 19:15:32.145       - [5] Checking services
2026-08-27 19:15:33.146       - [4] Checking services
2026-08-27 19:15:34.148       - [5] Checking services
2026-08-27 19:15:35.154       - [4] Checking services
2026-08-27 19:15:36.168       - [5] Checking services
2026-08-27 19:15:37.170       - [4] Checking services
2026-08-27 19:15:38.174       - [5] Checking services
2026-08-27 19:15:39.187       - [4] Checking services
2026-08-27 19:15:40.189       - [5] Checking services
2026-08-27 19:15:41.189       - [4] Checking services
2026-08-27 19:15:42.204       - [5] Checking services
2026-08-27 19:15:43.204       - [4] Checking services
2026-08-27 19:15:44.205       - [5] Checking services
2026-08-27 19:15:45.207       - [4] Checking services
2026-08-27 19:15:46.222       - [5] Checking services
2026-08-27 19:15:47.227       - [4] Checking services
2026-08-27 19:15:48.241       - [5] Checking services
2026-08-27 19:15:49.255       - [4] Checking services
2026-08-27 19:15:50.267       - [5] Checking services
2026-08-27 19:15:51.283       - [4] Checking services
2026-08-27 19:15:52.284       - [5] Checking services
2026-08-27 19:15:53.295       - [4] Checking services
2026-08-27 19:15:54.308       - [5] Checking services
2026-08-27 19:15:55.323       - [4] Checking services
2026-08-27 19:15:56.336       - [5] Checking services
2026-08-27 19:15:57.337       - [4] Checking services
2026-08-27 19:15:58.352       - [5] Checking services
2026-08-27 19:15:59.353       - [4] Checking services
2026-08-27 19:16:00.355       - [5] Checking services
2026-08-27 19:16:01.367       - [4] Checking services
2026-08-27 19:16:02.406       - [5] Checking services
2026-08-27 19:16:03.410       - [4] Checking services
2026-08-27 19:16:04.411       - [5] Checking services
2026-08-27 19:16:05.418       - [4] Checking services
2026-08-27 19:16:06.432       - [5] Checking services
2026-08-27 19:16:07.437       - [4] Checking services
2026-08-27 19:16:08.451       - [5] Checking services
2026-08-27 19:16:09.465       - [4] Checking services
2026-08-27 19:16:10.476       - [5] Checking services
2026-08-27 19:16:11.492       - [4] Checking services
2026-08-27 19:16:12.506       - [5] Checking services
2026-08-27 19:16:13.519       - [4] Checking services
2026-08-27 19:16:14.524       - [4] Checking services
2026-08-27 19:16:15.538       - [5] Checking services
2026-08-27 19:16:16.541       - [4] Checking services
2026-08-27 19:16:17.556       - [5] Checking services
2026-08-27 19:16:18.559       - [4] Checking services
2026-08-27 19:16:19.569       - [5] Checking services
2026-08-27 19:16:20.570       - [4] Checking services
2026-08-27 19:16:21.583       - [5] Checking services
2026-08-27 19:16:22.588       - [4] Checking services
2026-08-27 19:16:23.598       - [5] Checking services
2026-08-27 19:16:24.613       - [4] Checking services
2026-08-27 19:16:25.625       - [5] Checking services
2026-08-27 19:16:26.639       - [4] Checking services
2026-08-27 19:16:27.639       - [5] Checking services
2026-08-27 19:16:28.640       - [4] Checking services
2026-08-27 19:16:29.655       - [5] Checking services
2026-08-27 19:16:30.669       - [4] Checking services
2026-08-27 19:16:31.685       - [5] Checking services
2026-08-27 19:16:32.692       - [4] Checking services
2026-08-27 19:16:33.706       - [5] Checking services
2026-08-27 19:16:34.710       - [4] Checking services
2026-08-27 19:16:35.711       - [5] Checking services
2026-08-27 19:16:36.726       - [4] Checking services
2026-08-27 19:16:37.739       - [5] Checking services
2026-08-27 19:16:38.744       - [4] Checking services
2026-08-27 19:16:39.746       - [5] Checking services
2026-08-27 19:16:40.748       - [4] Checking services
2026-08-27 19:16:41.750       - [5] Checking services
2026-08-27 19:16:42.765       - [4] Checking services
2026-08-27 19:16:43.767       - [5] Checking services
2026-08-27 19:16:44.782       - [4] Checking services
2026-08-27 19:16:45.789       - [5] Checking services
2026-08-27 19:16:46.804       - [4] Checking services
2026-08-27 19:16:47.817       - [5] Checking services
2026-08-27 19:16:48.833       - [4] Checking services
2026-08-27 19:16:49.846       - [5] Checking services
2026-08-27 19:16:50.849       - [4] Checking services
2026-08-27 19:16:51.864       - [5] Checking services
2026-08-27 19:16:52.878       - [4] Checking services
2026-08-27 19:16:53.880       - [5] Checking services
2026-08-27 19:16:54.893       - [4] Checking services
2026-08-27 19:16:55.908       - [5] Checking services
2026-08-27 19:16:56.910       - [4] Checking services
2026-08-27 19:16:57.923       - [5] Checking services
2026-08-27 19:16:58.924       - [4] Checking services
2026-08-27 19:16:59.934       - [5] Checking services
2026-08-27 19:17:00.938       - [4] Checking services
2026-08-27 19:17:01.940       - [5] Checking services
2026-08-27 19:17:02.955       - [4] Checking services
2026-08-27 19:17:03.963       - [5] Checking services
2026-08-27 19:17:04.976       - [4] Checking services
2026-08-27 19:17:05.990       - [5] Checking services
2026-08-27 19:17:06.993       - [4] Checking services
2026-08-27 19:17:08.008       - [5] Checking services
2026-08-27 19:17:09.009       - [4] Checking services
2026-08-27 19:17:10.011       - [5] Checking services
2026-08-27 19:17:11.011       - [4] Checking services
2026-08-27 19:17:12.025       - [5] Checking services
2026-08-27 19:17:13.038       - [4] Checking services
2026-08-27 19:17:14.039       - [5] Checking services
2026-08-27 19:17:15.039       - [4] Checking services
2026-08-27 19:17:16.049       - [5] Checking services
2026-08-27 19:17:17.063       - [4] Checking services
2026-08-27 19:17:18.073       - [5] Checking services
2026-08-27 19:17:19.080       - [4] Checking services
2026-08-27 19:17:20.089       - [5] Checking services
2026-08-27 19:17:21.101       - [4] Checking services
2026-08-27 19:17:22.114       - [5] Checking services
2026-08-27 19:17:23.123       - [4] Checking services
2026-08-27 19:17:24.130       - [5] Checking services
2026-08-27 19:17:25.138       - [4] Checking services
2026-08-27 19:17:26.150       - [5] Checking services
2026-08-27 19:17:27.164       - [4] Checking services
2026-08-27 19:17:28.174       - [5] Checking services
2026-08-27 19:17:29.181       - [4] Checking services
2026-08-27 19:17:30.190       - [5] Checking services
2026-08-27 19:17:31.196       - [4] Checking services
2026-08-27 19:17:32.202       - [5] Checking services
2026-08-27 19:17:33.207       - [4] Checking services
2026-08-27 19:17:34.213       - [5] Checking services
2026-08-27 19:17:35.223       - [4] Checking services
2026-08-27 19:17:36.229       - [5] Checking services
2026-08-27 19:17:37.239       - [4] Checking services
2026-08-27 19:17:38.244       - [5] Checking services
2026-08-27 19:17:39.250       - [4] Checking services
2026-08-27 19:17:40.255       - [5] Checking services
2026-08-27 19:17:41.260       - [4] Checking services
2026-08-27 19:17:42.271       - [5] Checking services
2026-08-27 19:17:43.277       - [4] Checking services
2026-08-27 19:17:44.284       - [5] Checking services
2026-08-27 19:17:45.289       - [4] Checking services
2026-08-27 19:17:46.292       - [5] Checking services
2026-08-27 19:17:47.294       - [4] Checking services
2026-08-27 19:17:48.305       - [5] Checking services
2026-08-27 19:17:49.313       - [4] Checking services
2026-08-27 19:17:50.319       - [5] Checking services
2026-08-27 19:17:51.323       - [5] Checking services
2026-08-27 19:17:52.329       - [4] Checking services
2026-08-27 19:17:53.338       - [5] Checking services
2026-08-27 19:17:54.350       - [4] Checking services
2026-08-27 19:17:55.363       - [5] Checking services
2026-08-27 19:17:56.369       - [4] Checking services
2026-08-27 19:17:57.369       - [5] Checking services
2026-08-27 19:17:58.379       - [4] Checking services
2026-08-27 19:17:59.385       - [5] Checking services
2026-08-27 19:18:00.398       - [4] Checking services
2026-08-27 19:18:01.409       - [5] Checking services
2026-08-27 19:18:02.413       - [4] Checking services
2026-08-27 19:18:03.425       - [5] Checking services
2026-08-27 19:18:04.431       - [4] Checking services
2026-08-27 19:18:05.439       - [5] Checking services
2026-08-27 19:18:06.451       - [4] Checking services
2026-08-27 19:18:07.455       - [5] Checking services
2026-08-27 19:18:08.459       - [4] Checking services
2026-08-27 19:18:09.467       - [5] Checking services
2026-08-27 19:18:10.479       - [4] Checking services
2026-08-27 19:18:11.493       - [5] Checking services
2026-08-27 19:18:12.499       - [4] Checking services
2026-08-27 19:18:13.509       - [5] Checking services
2026-08-27 19:18:14.513       - [4] Checking services
2026-08-27 19:18:15.518       - [5] Checking services
2026-08-27 19:18:16.532       - [4] Checking services
2026-08-27 19:18:17.542       - [5] Checking services
2026-08-27 19:18:18.551       - [4] Checking services
2026-08-27 19:18:19.557       - [5] Checking services
2026-08-27 19:18:20.567       - [4] Checking services
2026-08-27 19:18:21.575       - [5] Checking services
2026-08-27 19:18:22.587       - [4] Checking services
2026-08-27 19:18:23.601       - [5] Checking services
2026-08-27 19:18:24.613       - [4] Checking services
2026-08-27 19:18:25.620       - [5] Checking services
2026-08-27 19:18:26.624       - [4] Checking services
2026-08-27 19:18:27.632       - [5] Checking services
2026-08-27 19:18:28.641       - [4] Checking services
2026-08-27 19:18:29.648       - [5] Checking services
2026-08-27 19:18:30.658       - [4] Checking services
2026-08-27 19:18:31.666       - [5] Checking services
2026-08-27 19:18:32.670       - [4] Checking services
2026-08-27 19:18:33.678       - [5] Checking services
2026-08-27 19:18:34.680       - [4] Checking services
2026-08-27 19:18:35.687       - [5] Checking services
2026-08-27 19:18:36.701       - [4] Checking services
2026-08-27 19:18:37.702       - [5] Checking services
2026-08-27 19:18:38.708       - [4] Checking services
2026-08-27 19:18:39.716       - [5] Checking services
2026-08-27 19:18:40.717       - [4] Checking services
2026-08-27 19:18:41.726       - [5] Checking services
2026-08-27 19:18:42.733       - [4] Checking services
2026-08-27 19:18:43.738       - [5] Checking services
2026-08-27 19:18:44.740       - [4] Checking services
2026-08-27 19:18:45.748       - [5] Checking services
2026-08-27 19:18:46.754       - [4] Checking services
2026-08-27 19:18:47.764       - [5] Checking services
2026-08-27 19:18:48.774       - [4] Checking services
2026-08-27 19:18:49.775       - [5] Checking services
2026-08-27 19:18:50.788       - [4] Checking services
2026-08-27 19:18:51.793       - [5] Checking services
2026-08-27 19:18:52.798       - [4] Checking services
2026-08-27 19:18:53.807       - [5] Checking services
2026-08-27 19:18:54.813       - [4] Checking services
2026-08-27 19:18:55.824       - [5] Checking services
2026-08-27 19:18:56.825       - [4] Checking services
2026-08-27 19:18:57.837       - [5] Checking services
2026-08-27 19:18:58.847       - [4] Checking services
2026-08-27 19:18:59.855       - [5] Checking services
2026-08-27 19:19:00.859       - [4] Checking services
2026-08-27 19:19:01.866       - [5] Checking services
2026-08-27 19:19:02.871       - [4] Checking services
2026-08-27 19:19:03.884       - [5] Checking services
2026-08-27 19:19:04.892       - [4] Checking services
2026-08-27 19:19:05.899       - [5] Checking services
2026-08-27 19:19:06.902       - [4] Checking services
2026-08-27 19:19:07.913       - [5] Checking services
2026-08-27 19:19:08.919       - [4] Checking services
2026-08-27 19:19:09.931       - [5] Checking services
2026-08-27 19:19:10.939       - [4] Checking services
2026-08-27 19:19:11.947       - [5] Checking services
2026-08-27 19:19:12.961       - [4] Checking services
2026-08-27 19:19:13.964       - [5] Checking services
2026-08-27 19:19:14.978       - [4] Checking services
2026-08-27 19:19:15.993       - [5] Checking services
2026-08-27 19:19:17.003       - [4] Checking services
2026-08-27 19:19:18.010       - [5] Checking services
2026-08-27 19:19:19.019       - [4] Checking services
2026-08-27 19:19:20.025       - [5] Checking services
2026-08-27 19:19:21.040       - [4] Checking services
2026-08-27 19:19:22.045       - [5] Checking services
2026-08-27 19:19:23.056       - [4] Checking services
2026-08-27 19:19:24.065       - [5] Checking services
2026-08-27 19:19:25.072       - [4] Checking services
2026-08-27 19:19:26.072       - [5] Checking services
2026-08-27 19:19:27.077       - [4] Checking services
2026-08-27 19:19:28.086       - [4] Checking services
2026-08-27 19:19:29.102       - [5] Checking services
2026-08-27 19:19:30.106       - [4] Checking services
2026-08-27 19:19:31.121       - [5] Checking services
2026-08-27 19:19:32.123       - [4] Checking services
2026-08-27 19:19:33.128       - [5] Checking services
2026-08-27 19:19:34.136       - [4] Checking services
2026-08-27 19:19:35.140       - [5] Checking services
2026-08-27 19:19:36.145       - [4] Checking services
2026-08-27 19:19:37.147       - [5] Checking services
2026-08-27 19:19:38.161       - [4] Checking services
2026-08-27 19:19:39.165       - [5] Checking services
2026-08-27 19:19:40.171       - [4] Checking services
2026-08-27 19:19:41.181       - [5] Checking services
2026-08-27 19:19:42.193       - [4] Checking services
2026-08-27 19:19:43.195       - [5] Checking services
2026-08-27 19:19:44.202       - [4] Checking services
2026-08-27 19:19:45.213       - [5] Checking services
2026-08-27 19:19:46.220       - [4] Checking services
2026-08-27 19:19:47.221       - [5] Checking services
2026-08-27 19:19:48.235       - [4] Checking services
2026-08-27 19:19:49.246       - [5] Checking services
2026-08-27 19:19:50.251       - [4] Checking services
2026-08-27 19:19:51.259       - [5] Checking services
2026-08-27 19:19:52.269       - [4] Checking services
2026-08-27 19:19:53.282       - [5] Checking services
2026-08-27 19:19:54.292       - [4] Checking services
2026-08-27 19:19:55.306       - [5] Checking services
2026-08-27 19:19:56.317       - [4] Checking services
2026-08-27 19:19:57.321       - [5] Checking services
2026-08-27 19:19:58.323       - [4] Checking services
2026-08-27 19:19:59.338       - [5] Checking services
2026-08-27 19:20:00.352       - [5] Checking services
2026-08-27 19:20:01.366       - [4] Checking services
2026-08-27 19:20:02.380       - [5] Checking services
2026-08-27 19:20:03.385       - [4] Checking services
2026-08-27 19:20:04.399       - [5] Checking services
2026-08-27 19:20:05.413       - [4] Checking services
2026-08-27 19:20:06.420       - [5] Checking services
2026-08-27 19:20:07.430       - [4] Checking services
2026-08-27 19:20:08.446       - [5] Checking services
2026-08-27 19:20:09.461       - [4] Checking services
2026-08-27 19:20:10.462       - [5] Checking services
2026-08-27 19:20:11.478       - [4] Checking services
2026-08-27 19:20:12.478       - [5] Checking services
2026-08-27 19:20:13.491       - [4] Checking services
2026-08-27 19:20:14.492       - [5] Checking services
2026-08-27 19:20:15.495       - [4] Checking services
2026-08-27 19:20:16.506       - [5] Checking services
2026-08-27 19:20:17.508       - [4] Checking services
2026-08-27 19:20:18.524       - [5] Checking services
2026-08-27 19:20:19.536       - [4] Checking services
2026-08-27 19:20:20.549       - [5] Checking services
2026-08-27 19:20:21.564       - [4] Checking services
2026-08-27 19:20:22.576       - [5] Checking services
2026-08-27 19:20:23.590       - [4] Checking services
2026-08-27 19:20:24.590       - [5] Checking services
2026-08-27 19:20:25.605       - [4] Checking services
2026-08-27 19:20:26.620       - [5] Checking services
2026-08-27 19:20:27.621       - [4] Checking services
2026-08-27 19:20:28.624       - [5] Checking services
2026-08-27 19:20:29.626       - [4] Checking services
2026-08-27 19:20:30.627       - [5] Checking services
2026-08-27 19:20:31.642       - [4] Checking services
2026-08-27 19:20:32.646       - [5] Checking services
2026-08-27 19:20:33.647       - [4] Checking services
2026-08-27 19:20:34.648       - [5] Checking services
2026-08-27 19:20:35.663       - [4] Checking services
2026-08-27 19:20:36.668       - [5] Checking services
2026-08-27 19:20:37.683       - [4] Checking services
2026-08-27 19:20:38.699       - [5] Checking services
2026-08-27 19:20:39.702       - [4] Checking services
2026-08-27 19:20:40.711       - [5] Checking services
2026-08-27 19:20:41.713       - [4] Checking services
2026-08-27 19:20:42.726       - [5] Checking services
2026-08-27 19:20:43.731       - [4] Checking services
2026-08-27 19:20:44.743       - [5] Checking services
2026-08-27 19:20:45.757       - [4] Checking services
2026-08-27 19:20:46.759       - [5] Checking services
2026-08-27 19:20:47.770       - [4] Checking services
2026-08-27 19:20:48.784       - [5] Checking services
2026-08-27 19:20:49.787       - [4] Checking services
2026-08-27 19:20:50.803       - [5] Checking services
2026-08-27 19:20:51.809       - [4] Checking services
2026-08-27 19:20:52.811       - [5] Checking services
2026-08-27 19:20:53.816       - [4] Checking services
2026-08-27 19:20:54.825       - [5] Checking services
2026-08-27 19:20:55.829       - [4] Checking services
2026-08-27 19:20:56.831       - [5] Checking services
2026-08-27 19:20:57.840       - [4] Checking services
2026-08-27 19:20:58.856       - [5] Checking services
2026-08-27 19:20:59.868       - [4] Checking services
2026-08-27 19:21:00.869       - [5] Checking services
2026-08-27 19:21:01.877       - [4] Checking services
2026-08-27 19:21:02.885       - [5] Checking services
2026-08-27 19:21:03.900       - [4] Checking services
2026-08-27 19:21:04.901       - [4] Checking services
2026-08-27 19:21:05.914       - [5] Checking services
2026-08-27 19:21:06.916       - [4] Checking services
2026-08-27 19:21:07.917       - [5] Checking services
2026-08-27 19:21:08.925       - [4] Checking services
2026-08-27 19:21:09.927       - [5] Checking services
2026-08-27 19:21:10.932       - [4] Checking services
2026-08-27 19:21:11.933       - [5] Checking services
2026-08-27 19:21:12.938       - [4] Checking services
2026-08-27 19:21:13.938       - [5] Checking services
2026-08-27 19:21:14.954       - [4] Checking services
2026-08-27 19:21:15.966       - [5] Checking services
2026-08-27 19:21:16.981       - [4] Checking services
2026-08-27 19:21:17.983       - [5] Checking services
2026-08-27 19:21:18.996       - [4] Checking services
2026-08-27 19:21:20.011       - [5] Checking services
2026-08-27 19:21:21.026       - [4] Checking services
2026-08-27 19:21:22.031       - [5] Checking services
2026-08-27 19:21:23.046       - [4] Checking services
2026-08-27 19:21:24.060       - [5] Checking services
2026-08-27 19:21:25.061       - [4] Checking services
2026-08-27 19:21:26.062       - [5] Checking services
2026-08-27 19:21:27.067       - [4] Checking services
2026-08-27 19:21:28.080       - [5] Checking services
2026-08-27 19:21:29.084       - [4] Checking services
2026-08-27 19:21:30.090       - [5] Checking services
2026-08-27 19:21:31.097       - [4] Checking services
2026-08-27 19:21:32.099       - [5] Checking services
2026-08-27 19:21:33.102       - [4] Checking services
2026-08-27 19:21:34.103       - [5] Checking services
2026-08-27 19:21:35.103       - [4] Checking services
2026-08-27 19:21:36.105       - [5] Checking services
2026-08-27 19:21:37.119       - [4] Checking services
2026-08-27 19:21:38.134       - [5] Checking services
2026-08-27 19:21:39.149       - [4] Checking services
2026-08-27 19:21:40.164       - [5] Checking services
2026-08-27 19:21:41.168       - [4] Checking services
2026-08-27 19:21:42.183       - [5] Checking services
2026-08-27 19:21:43.195       - [4] Checking services
2026-08-27 19:21:44.211       - [5] Checking services
2026-08-27 19:21:45.211       - [4] Checking services
2026-08-27 19:21:46.214       - [5] Checking services
2026-08-27 19:21:47.228       - [4] Checking services
2026-08-27 19:21:48.229       - [5] Checking services
2026-08-27 19:21:49.243       - [4] Checking services
2026-08-27 19:21:50.245       - [5] Checking services
2026-08-27 19:21:51.248       - [4] Checking services
2026-08-27 19:21:52.251       - [5] Checking services
2026-08-27 19:21:53.252       - [4] Checking services
2026-08-27 19:21:54.258       - [5] Checking services
2026-08-27 19:21:55.274       - [4] Checking services
2026-08-27 19:21:56.276       - [5] Checking services
2026-08-27 19:21:57.279       - [4] Checking services
2026-08-27 19:21:58.281       - [5] Checking services
2026-08-27 19:21:59.281       - [4] Checking services
2026-08-27 19:22:00.294       - [5] Checking services
2026-08-27 19:22:01.306       - [4] Checking services
2026-08-27 19:22:02.321       - [5] Checking services
2026-08-27 19:22:03.336       - [4] Checking services
2026-08-27 19:22:04.339       - [5] Checking services
2026-08-27 19:22:05.354       - [4] Checking services
2026-08-27 19:22:06.355       - [5] Checking services
2026-08-27 19:22:07.356       - [4] Checking services
2026-08-27 19:22:08.369       - [5] Checking services
2026-08-27 19:22:09.385       - [4] Checking services
2026-08-27 19:22:10.385       - [5] Checking services
2026-08-27 19:22:11.399       - [4] Checking services
2026-08-27 19:22:12.403       - [5] Checking services
2026-08-27 19:22:13.418       - [4] Checking services
2026-08-27 19:22:14.418       - [5] Checking services
2026-08-27 19:22:15.431       - [4] Checking services
2026-08-27 19:22:16.433       - [5] Checking services
2026-08-27 19:22:17.435       - [4] Checking services
2026-08-27 19:22:18.451       - [5] Checking services
2026-08-27 19:22:19.466       - [4] Checking services
2026-08-27 19:22:20.468       - [5] Checking services
2026-08-27 19:22:21.469       - [4] Checking services
2026-08-27 19:22:22.471       - [5] Checking services
2026-08-27 19:22:23.476       - [4] Checking services
2026-08-27 19:22:24.477       - [5] Checking services
2026-08-27 19:22:25.478       - [4] Checking services
2026-08-27 19:22:26.482       - [5] Checking services
2026-08-27 19:22:27.484       - [4] Checking services
2026-08-27 19:22:28.489       - [5] Checking services
2026-08-27 19:22:29.493       - [4] Checking services
2026-08-27 19:22:30.495       - [5] Checking services
2026-08-27 19:22:31.495       - [4] Checking services
2026-08-27 19:22:32.496       - [5] Checking services
2026-08-27 19:22:33.510       - [4] Checking services
2026-08-27 19:22:34.524       - [5] Checking services
2026-08-27 19:22:35.525       - [4] Checking services
2026-08-27 19:22:36.525       - [5] Checking services
2026-08-27 19:22:37.539       - [4] Checking services
2026-08-27 19:22:38.540       - [5] Checking services
2026-08-27 19:22:39.555       - [4] Checking services
2026-08-27 19:22:40.556       - [5] Checking services
2026-08-27 19:22:41.562       - [5] Checking services
2026-08-27 19:22:42.565       - [4] Checking services
2026-08-27 19:22:43.570       - [5] Checking services
2026-08-27 19:22:44.573       - [4] Checking services
2026-08-27 19:22:45.586       - [5] Checking services
2026-08-27 19:22:46.601       - [4] Checking services
2026-08-27 19:22:47.605       - [5] Checking services
2026-08-27 19:22:48.607       - [4] Checking services
2026-08-27 19:22:49.608       - [5] Checking services
2026-08-27 19:22:50.621       - [4] Checking services
2026-08-27 19:22:51.623       - [5] Checking services
2026-08-27 19:22:52.636       - [4] Checking services
2026-08-27 19:22:53.651       - [5] Checking services
2026-08-27 19:22:54.654       - [4] Checking services
2026-08-27 19:22:55.670       - [5] Checking services
2026-08-27 19:22:56.672       - [4] Checking services
2026-08-27 19:22:57.687       - [5] Checking services
2026-08-27 19:22:58.692       - [4] Checking services
2026-08-27 19:22:59.696       - [5] Checking services
2026-08-27 19:23:00.698       - [4] Checking services
2026-08-27 19:23:01.713       - [5] Checking services
2026-08-27 19:23:02.728       - [4] Checking services
2026-08-27 19:23:03.729       - [5] Checking services
2026-08-27 19:23:04.731       - [4] Checking services
2026-08-27 19:23:05.733       - [5] Checking services
2026-08-27 19:23:06.737       - [4] Checking services
2026-08-27 19:23:07.749       - [5] Checking services
2026-08-27 19:23:08.750       - [4] Checking services
2026-08-27 19:23:09.753       - [5] Checking services
2026-08-27 19:23:10.756       - [4] Checking services
2026-08-27 19:23:11.758       - [5] Checking services
2026-08-27 19:23:12.763       - [4] Checking services
2026-08-27 19:23:13.775       - [5] Checking services
2026-08-27 19:23:14.779       - [4] Checking services
2026-08-27 19:23:15.781       - [5] Checking services
2026-08-27 19:23:16.784       - [4] Checking services
2026-08-27 19:23:17.784       - [5] Checking services
2026-08-27 19:23:18.799       - [4] Checking services
2026-08-27 19:23:19.814       - [5] Checking services
2026-08-27 19:23:20.821       - [4] Checking services
2026-08-27 19:23:21.822       - [5] Checking services
2026-08-27 19:23:22.822       - [4] Checking services
2026-08-27 19:23:23.838       - [5] Checking services
2026-08-27 19:23:24.840       - [4] Checking services
2026-08-27 19:23:25.853       - [5] Checking services
2026-08-27 19:23:26.855       - [4] Checking services
2026-08-27 19:23:27.857       - [5] Checking services
2026-08-27 19:23:28.862       - [4] Checking services
2026-08-27 19:23:29.866       - [5] Checking services
2026-08-27 19:23:30.870       - [4] Checking services
2026-08-27 19:23:31.872       - [5] Checking services
2026-08-27 19:23:32.877       - [4] Checking services
2026-08-27 19:23:33.879       - [5] Checking services
2026-08-27 19:23:34.893       - [4] Checking services
2026-08-27 19:23:35.898       - [5] Checking services
2026-08-27 19:23:36.911       - [4] Checking services
2026-08-27 19:23:37.915       - [5] Checking services
2026-08-27 19:23:38.929       - [4] Checking services
2026-08-27 19:23:39.932       - [5] Checking services
2026-08-27 19:23:40.946       - [4] Checking services
2026-08-27 19:23:41.962       - [5] Checking services
2026-08-27 19:23:42.963       - [4] Checking services
2026-08-27 19:23:43.977       - [5] Checking services
2026-08-27 19:23:44.991       - [4] Checking services
2026-08-27 19:23:45.992       - [5] Checking services
2026-08-27 19:23:46.996       - [4] Checking services
2026-08-27 19:23:48.009       - [5] Checking services
2026-08-27 19:23:49.022       - [4] Checking services
2026-08-27 19:23:50.026       - [5] Checking services
2026-08-27 19:23:51.039       - [4] Checking services
2026-08-27 19:23:52.043       - [5] Checking services
2026-08-27 19:23:53.058       - [4] Checking services
2026-08-27 19:23:54.074       - [5] Checking services
2026-08-27 19:23:55.089       - [4] Checking services
2026-08-27 19:23:56.104       - [5] Checking services
2026-08-27 19:23:57.119       - [4] Checking services
2026-08-27 19:23:58.134       - [5] Checking services
2026-08-27 19:23:59.150       - [4] Checking services
2026-08-27 19:24:00.165       - [5] Checking services
2026-08-27 19:24:01.165       - [4] Checking services
2026-08-27 19:24:02.168       - [5] Checking services
2026-08-27 19:24:03.182       - [4] Checking services
2026-08-27 19:24:04.196       - [5] Checking services
2026-08-27 19:24:05.210       - [4] Checking services
2026-08-27 19:24:06.225       - [5] Checking services
2026-08-27 19:24:07.227       - [4] Checking services
2026-08-27 19:24:08.243       - [5] Checking services
2026-08-27 19:24:09.245       - [4] Checking services
2026-08-27 19:24:10.260       - [4] Checking services
2026-08-27 19:24:11.275       - [5] Checking services
2026-08-27 19:24:12.276       - [4] Checking services
2026-08-27 19:24:13.281       - [5] Checking services
2026-08-27 19:24:14.283       - [4] Checking services
2026-08-27 19:24:15.286       - [5] Checking services
2026-08-27 19:24:16.300       - [4] Checking services
2026-08-27 19:24:17.302       - [5] Checking services
2026-08-27 19:24:18.317       - [5] Checking services
2026-08-27 19:24:19.320       - [4] Checking services
2026-08-27 19:24:20.322       - [5] Checking services
2026-08-27 19:24:21.322       - [4] Checking services
2026-08-27 19:24:22.337       - [5] Checking services
2026-08-27 19:24:23.338       - [4] Checking services
2026-08-27 19:24:24.354       - [5] Checking services
2026-08-27 19:24:25.368       - [4] Checking services
2026-08-27 19:24:26.369       - [5] Checking services
2026-08-27 19:24:27.384       - [4] Checking services
2026-08-27 19:24:28.400       - [5] Checking services
2026-08-27 19:24:29.401       - [4] Checking services
2026-08-27 19:24:30.402       - [5] Checking services
2026-08-27 19:24:31.402       - [4] Checking services
2026-08-27 19:24:32.417       - [5] Checking services
2026-08-27 19:24:33.420       - [5] Checking services
2026-08-27 19:24:34.432       - [4] Checking services
2026-08-27 19:24:35.433       - [5] Checking services
2026-08-27 19:24:36.449       - [4] Checking services
2026-08-27 19:24:37.464       - [5] Checking services
2026-08-27 19:24:38.478       - [4] Checking services
2026-08-27 19:24:39.493       - [5] Checking services
2026-08-27 19:24:40.494       - [4] Checking services
2026-08-27 19:24:41.509       - [5] Checking services
2026-08-27 19:24:42.524       - [4] Checking services
2026-08-27 19:24:43.528       - [5] Checking services
2026-08-27 19:24:44.543       - [4] Checking services
2026-08-27 19:24:45.547       - [5] Checking services
2026-08-27 19:24:46.560       - [4] Checking services
2026-08-27 19:24:47.561       - [5] Checking services
2026-08-27 19:24:48.564       - [4] Checking services
2026-08-27 19:24:49.570       - [5] Checking services
2026-08-27 19:24:50.571       - [4] Checking services
2026-08-27 19:24:51.587       - [5] Checking services
2026-08-27 19:24:52.602       - [4] Checking services
2026-08-27 19:24:53.603       - [5] Checking services
2026-08-27 19:24:54.618       - [4] Checking services
2026-08-27 19:24:55.633       - [5] Checking services
2026-08-27 19:24:56.638       - [4] Checking services
2026-08-27 19:24:57.650       - [5] Checking services
2026-08-27 19:24:58.666       - [4] Checking services
2026-08-27 19:24:59.680       - [5] Checking services
2026-08-27 19:25:00.685       - [4] Checking services
2026-08-27 19:25:01.699       - [5] Checking services
2026-08-27 19:25:02.713       - [4] Checking services
2026-08-27 19:25:03.714       - [5] Checking services
2026-08-27 19:25:04.728       - [4] Checking services
2026-08-27 19:25:05.742       - [5] Checking services
2026-08-27 19:25:06.758       - [4] Checking services
2026-08-27 19:25:07.761       - [5] Checking services
2026-08-27 19:25:08.777       - [4] Checking services
2026-08-27 19:25:09.790       - [5] Checking services
2026-08-27 19:25:10.792       - [4] Checking services
2026-08-27 19:25:11.794       - [5] Checking services
2026-08-27 19:25:12.796       - [4] Checking services
2026-08-27 19:25:13.801       - [5] Checking services
2026-08-27 19:25:14.806       - [4] Checking services
2026-08-27 19:25:15.821       - [5] Checking services
2026-08-27 19:25:16.836       - [4] Checking services
2026-08-27 19:25:17.850       - [5] Checking services
2026-08-27 19:25:18.852       - [4] Checking services
2026-08-27 19:25:19.855       - [5] Checking services
2026-08-27 19:25:20.869       - [4] Checking services
2026-08-27 19:25:21.870       - [5] Checking services
2026-08-27 19:25:22.885       - [4] Checking services
2026-08-27 19:25:23.887       - [5] Checking services
2026-08-27 19:25:24.888       - [4] Checking services
2026-08-27 19:25:25.900       - [5] Checking services
2026-08-27 19:25:26.915       - [4] Checking services
2026-08-27 19:25:27.915       - [5] Checking services
2026-08-27 19:25:28.916       - [4] Checking services
2026-08-27 19:25:29.930       - [5] Checking services
2026-08-27 19:25:30.946       - [4] Checking services
2026-08-27 19:25:31.947       - [5] Checking services
2026-08-27 19:25:32.947       - [4] Checking services
2026-08-27 19:25:33.962       - [5] Checking services
2026-08-27 19:25:34.977       - [4] Checking services
2026-08-27 19:25:35.992       - [5] Checking services
2026-08-27 19:25:37.006       - [4] Checking services
2026-08-27 19:25:38.019       - [5] Checking services
2026-08-27 19:25:39.019       - [4] Checking services
2026-08-27 19:25:40.020       - [5] Checking services
2026-08-27 19:25:41.033       - [4] Checking services
2026-08-27 19:25:42.033       - [5] Checking services
2026-08-27 19:25:43.034       - [4] Checking services
2026-08-27 19:25:44.040       - [5] Checking services
2026-08-27 19:25:45.056       - [4] Checking services
2026-08-27 19:25:46.062       - [5] Checking services
2026-08-27 19:25:47.071       - [4] Checking services
2026-08-27 19:25:48.083       - [5] Checking services
2026-08-27 19:25:49.094       - [4] Checking services
2026-08-27 19:25:50.105       - [5] Checking services
2026-08-27 19:25:51.118       - [4] Checking services
2026-08-27 19:25:52.126       - [5] Checking services
2026-08-27 19:25:53.136       - [4] Checking services
2026-08-27 19:25:54.147       - [5] Checking services
2026-08-27 19:25:55.159       - [5] Checking services
2026-08-27 19:25:56.170       - [4] Checking services
2026-08-27 19:25:57.181       - [5] Checking services
2026-08-27 19:25:58.189       - [4] Checking services
2026-08-27 19:25:59.204       - [5] Checking services
2026-08-27 19:26:00.213       - [4] Checking services
2026-08-27 19:26:01.221       - [5] Checking services
2026-08-27 19:26:02.229       - [4] Checking services
2026-08-27 19:26:03.237       - [5] Checking services
2026-08-27 19:26:04.248       - [4] Checking services
2026-08-27 19:26:05.261       - [5] Checking services
2026-08-27 19:26:06.272       - [4] Checking services
2026-08-27 19:26:07.284       - [5] Checking services
2026-08-27 19:26:08.292       - [4] Checking services
2026-08-27 19:26:09.305       - [5] Checking services
2026-08-27 19:26:10.317       - [4] Checking services
2026-08-27 19:26:11.330       - [5] Checking services
2026-08-27 19:26:12.338       - [4] Checking services
2026-08-27 19:26:13.347       - [5] Checking services
2026-08-27 19:26:14.361       - [4] Checking services
2026-08-27 19:26:15.373       - [5] Checking services
2026-08-27 19:26:16.383       - [4] Checking services
2026-08-27 19:26:17.391       - [5] Checking services
2026-08-27 19:26:18.397       - [4] Checking services
2026-08-27 19:26:19.409       - [5] Checking services
2026-08-27 19:26:20.419       - [4] Checking services
2026-08-27 19:26:21.431       - [5] Checking services
2026-08-27 19:26:22.439       - [4] Checking services
2026-08-27 19:26:23.452       - [5] Checking services
2026-08-27 19:26:24.459       - [4] Checking services
2026-08-27 19:26:25.471       - [5] Checking services
2026-08-27 19:26:26.481       - [4] Checking services
2026-08-27 19:26:27.488       - [5] Checking services
2026-08-27 19:26:28.498       - [4] Checking services
2026-08-27 19:26:29.503       - [5] Checking services
2026-08-27 19:26:30.517       - [4] Checking services
2026-08-27 19:26:31.530       - [5] Checking services
2026-08-27 19:26:32.538       - [4] Checking services
2026-08-27 19:26:33.547       - [5] Checking services
2026-08-27 19:26:34.557       - [4] Checking services
2026-08-27 19:26:35.566       - [5] Checking services
2026-08-27 19:26:36.577       - [4] Checking services
2026-08-27 19:26:37.589       - [5] Checking services
2026-08-27 19:26:38.597       - [4] Checking services
2026-08-27 19:26:39.602       - [5] Checking services
2026-08-27 19:26:40.606       - [4] Checking services
2026-08-27 19:26:41.619       - [5] Checking services
2026-08-27 19:26:42.628       - [4] Checking services
2026-08-27 19:26:43.642       - [5] Checking services
2026-08-27 19:26:44.656       - [4] Checking services
2026-08-27 19:26:45.657       - [5] Checking services
2026-08-27 19:26:46.670       - [4] Checking services
2026-08-27 19:26:47.682       - [5] Checking services
2026-08-27 19:26:48.684       - [4] Checking services
2026-08-27 19:26:49.686       - [5] Checking services
2026-08-27 19:26:50.700       - [4] Checking services
2026-08-27 19:26:51.714       - [5] Checking services
2026-08-27 19:26:52.728       - [4] Checking services
2026-08-27 19:26:53.741       - [5] Checking services
2026-08-27 19:26:54.743       - [4] Checking services
2026-08-27 19:26:55.759       - [5] Checking services
2026-08-27 19:26:56.770       - [4] Checking services
2026-08-27 19:26:57.786       - [5] Checking services
2026-08-27 19:26:58.791       - [4] Checking services
2026-08-27 19:26:59.806       - [5] Checking services
2026-08-27 19:27:00.820       - [4] Checking services
2026-08-27 19:27:01.822       - [5] Checking services
2026-08-27 19:27:02.836       - [4] Checking services
2026-08-27 19:27:03.839       - [5] Checking services
2026-08-27 19:27:04.853       - [4] Checking services
2026-08-27 19:27:05.868       - [5] Checking services
2026-08-27 19:27:06.883       - [4] Checking services
2026-08-27 19:27:07.893       - [5] Checking services
2026-08-27 19:27:08.908       - [4] Checking services
2026-08-27 19:27:09.910       - [5] Checking services
2026-08-27 19:27:10.911       - [4] Checking services
2026-08-27 19:27:11.925       - [5] Checking services
2026-08-27 19:27:12.937       - [4] Checking services
2026-08-27 19:27:13.952       - [5] Checking services
2026-08-27 19:27:14.966       - [4] Checking services
2026-08-27 19:27:15.981       - [5] Checking services
2026-08-27 19:27:16.993       - [4] Checking services
2026-08-27 19:27:18.006       - [5] Checking services
2026-08-27 19:27:19.008       - [4] Checking services
2026-08-27 19:27:20.009       - [5] Checking services
2026-08-27 19:27:21.024       - [4] Checking services
2026-08-27 19:27:22.037       - [5] Checking services
2026-08-27 19:27:23.038       - [4] Checking services
2026-08-27 19:27:24.039       - [5] Checking services
2026-08-27 19:27:25.040       - [4] Checking services
2026-08-27 19:27:26.054       - [5] Checking services
2026-08-27 19:27:27.067       - [4] Checking services
2026-08-27 19:27:28.082       - [5] Checking services
2026-08-27 19:27:29.096       - [4] Checking services
2026-08-27 19:27:30.111       - [5] Checking services
2026-08-27 19:27:31.125       - [4] Checking services
2026-08-27 19:27:32.140       - [4] Checking services
2026-08-27 19:27:33.152       - [5] Checking services
2026-08-27 19:27:34.153       - [4] Checking services
2026-08-27 19:27:35.166       - [5] Checking services
2026-08-27 19:27:36.181       - [4] Checking services
2026-08-27 19:27:37.196       - [5] Checking services
2026-08-27 19:27:38.212       - [4] Checking services
2026-08-27 19:27:39.227       - [5] Checking services
2026-08-27 19:27:40.241       - [4] Checking services
2026-08-27 19:27:41.254       - [5] Checking services
2026-08-27 19:27:42.266       - [4] Checking services
2026-08-27 19:27:43.277       - [5] Checking services
2026-08-27 19:27:44.292       - [4] Checking services
2026-08-27 19:27:45.307       - [5] Checking services
2026-08-27 19:27:46.322       - [4] Checking services
2026-08-27 19:27:47.324       - [5] Checking services
2026-08-27 19:27:48.336       - [4] Checking services
2026-08-27 19:27:49.338       - [5] Checking services
2026-08-27 19:27:50.343       - [4] Checking services
2026-08-27 19:27:51.358       - [5] Checking services
2026-08-27 19:27:52.370       - [4] Checking services
2026-08-27 19:27:53.370       - [4] Checking services
2026-08-27 19:27:54.383       - [5] Checking services
2026-08-27 19:27:55.387       - [4] Checking services
2026-08-27 19:27:56.387       - [5] Checking services
2026-08-27 19:27:57.399       - [4] Checking services
2026-08-27 19:27:58.413       - [5] Checking services
2026-08-27 19:27:59.414       - [4] Checking services
2026-08-27 19:28:00.429       - [5] Checking services
2026-08-27 19:28:01.441       - [4] Checking services
2026-08-27 19:28:02.454       - [5] Checking services
2026-08-27 19:28:03.469       - [4] Checking services
2026-08-27 19:28:04.484       - [5] Checking services
2026-08-27 19:28:05.495       - [4] Checking services
2026-08-27 19:28:06.507       - [4] Checking services
2026-08-27 19:28:07.508       - [5] Checking services
2026-08-27 19:28:08.510       - [4] Checking services
2026-08-27 19:28:09.511       - [5] Checking services
2026-08-27 19:28:10.527       - [4] Checking services
2026-08-27 19:28:11.541       - [5] Checking services
2026-08-27 19:28:12.556       - [4] Checking services
2026-08-27 19:28:13.571       - [5] Checking services
2026-08-27 19:28:14.586       - [4] Checking services
2026-08-27 19:28:15.602       - [5] Checking services
2026-08-27 19:28:16.616       - [4] Checking services
2026-08-27 19:28:17.618       - [5] Checking services
2026-08-27 19:28:18.619       - [4] Checking services
2026-08-27 19:28:19.634       - [5] Checking services
2026-08-27 19:28:20.649       - [4] Checking services
2026-08-27 19:28:21.651       - [5] Checking services
2026-08-27 19:28:22.664       - [4] Checking services
2026-08-27 19:28:23.668       - [5] Checking services
2026-08-27 19:28:24.682       - [4] Checking services
2026-08-27 19:28:25.698       - [5] Checking services
2026-08-27 19:28:26.712       - [5] Checking services
2026-08-27 19:28:27.728       - [4] Checking services
2026-08-27 19:28:28.731       - [5] Checking services
2026-08-27 19:28:29.745       - [4] Checking services
2026-08-27 19:28:30.747       - [5] Checking services
2026-08-27 19:28:31.749       - [4] Checking services
2026-08-27 19:28:32.758       - [5] Checking services
2026-08-27 19:28:33.770       - [4] Checking services
2026-08-27 19:28:34.771       - [5] Checking services
2026-08-27 19:28:35.788       - [4] Checking services
2026-08-27 19:28:36.803       - [5] Checking services
2026-08-27 19:28:37.814       - [4] Checking services
2026-08-27 19:28:38.829       - [5] Checking services
2026-08-27 19:28:39.830       - [4] Checking services
